date,market1,market2,lag
2014-12-02,US,GB,-125
2014-12-02,GB,US,125
2014-12-02,NL,GB,1
2014-12-02,GB,NL,-1
2014-12-02,NL,US,875
2014-12-02,US,NL,-875
2014-12-03,US,GB,0
2014-12-03,GB,US,0
2014-12-03,NL,GB,8000
2014-12-03,GB,NL,-8000
2014-12-03,NL,US,0
2014-12-03,US,NL,0
2014-12-04,US,GB,3250
2014-12-04,GB,US,-3250
2014-12-04,NL,GB,250
2014-12-04,GB,NL,-250
2014-12-04,NL,US,-3375
2014-12-04,US,NL,3375
2014-12-05,US,GB,-125
2014-12-05,GB,US,125
2014-12-05,NL,GB,0
2014-12-05,GB,NL,0
2014-12-05,NL,US,125
2014-12-05,US,NL,-125
2014-12-08,US,GB,-125
2014-12-08,GB,US,125
2014-12-08,NL,GB,0
2014-12-08,GB,NL,0
2014-12-08,NL,US,125
2014-12-08,US,NL,-125
2014-12-09,US,GB,0
2014-12-09,GB,US,0
2014-12-09,NL,GB,0
2014-12-09,GB,NL,0
2014-12-09,NL,US,4500
2014-12-09,US,NL,-4500
2014-12-10,US,GB,0
2014-12-10,GB,US,0
2014-12-10,NL,GB,0
2014-12-10,GB,NL,0
2014-12-10,NL,US,0
2014-12-10,US,NL,0
2014-12-11,US,GB,0
2014-12-11,GB,US,0
2014-12-11,NL,GB,500
2014-12-11,GB,NL,-500
2014-12-11,NL,US,0
2014-12-11,US,NL,0
2014-12-12,US,GB,0
2014-12-12,GB,US,0
2014-12-12,NL,GB,0
2014-12-12,GB,NL,0
2014-12-12,NL,US,0
2014-12-12,US,NL,0
2014-12-15,US,GB,0
2014-12-15,GB,US,0
2014-12-15,NL,GB,0
2014-12-15,GB,NL,0
2014-12-15,NL,US,0
2014-12-15,US,NL,0
2014-12-16,US,GB,-250
2014-12-16,GB,US,250
2014-12-16,NL,GB,0
2014-12-16,GB,NL,0
2014-12-16,NL,US,0
2014-12-16,US,NL,0
2014-12-17,US,GB,0
2014-12-17,GB,US,0
2014-12-17,NL,GB,0
2014-12-17,GB,NL,0
2014-12-17,NL,US,0
2014-12-17,US,NL,0
2014-12-18,US,GB,0
2014-12-18,GB,US,0
2014-12-18,NL,GB,0
2014-12-18,GB,NL,0
2014-12-18,NL,US,0
2014-12-18,US,NL,0
2014-12-19,US,GB,0
2014-12-19,GB,US,0
2014-12-19,NL,GB,0
2014-12-19,GB,NL,0
2014-12-19,NL,US,1250
2014-12-19,US,NL,-1250
2014-12-22,US,GB,0
2014-12-22,GB,US,0
2014-12-22,NL,GB,0
2014-12-22,GB,NL,0
2014-12-22,NL,US,0
2014-12-22,US,NL,0
2014-12-23,US,GB,0
2014-12-23,GB,US,0
2014-12-23,NL,GB,0
2014-12-23,GB,NL,0
2014-12-23,NL,US,178
2014-12-23,US,NL,-178
2014-12-24,US,GB,-17472400
2014-12-24,GB,US,17472400
2014-12-24,NL,GB,0
2014-12-24,GB,NL,0
2014-12-24,NL,US,-17472400
2014-12-24,US,NL,17472400
2014-12-29,US,GB,3250
2014-12-29,GB,US,-3250
2014-12-29,NL,GB,0
2014-12-29,GB,NL,0
2014-12-29,NL,US,0
2014-12-29,US,NL,0
2014-12-30,US,GB,-500
2014-12-30,GB,US,500
2014-12-30,NL,GB,0
2014-12-30,GB,NL,0
2014-12-30,NL,US,125
2014-12-30,US,NL,-125
2014-12-31,US,GB,-17472400
2014-12-31,GB,US,17472400
2014-12-31,NL,GB,500
2014-12-31,GB,NL,-500
2014-12-31,NL,US,-17472400
2014-12-31,US,NL,17472400
2015-01-02,US,GB,0
2015-01-02,GB,US,0
2015-01-02,NL,GB,-7000
2015-01-02,GB,NL,7000
2015-01-02,NL,US,0
2015-01-02,US,NL,0
2015-01-05,US,GB,0
2015-01-05,GB,US,0
2015-01-05,NL,GB,0
2015-01-05,GB,NL,0
2015-01-05,NL,US,0
2015-01-05,US,NL,0
2015-01-06,US,GB,0
2015-01-06,GB,US,0
2015-01-06,NL,GB,0
2015-01-06,GB,NL,0
2015-01-06,NL,US,0
2015-01-06,US,NL,0
2015-01-07,US,GB,-250
2015-01-07,GB,US,250
2015-01-07,NL,GB,0
2015-01-07,GB,NL,0
2015-01-07,NL,US,0
2015-01-07,US,NL,0
2015-01-08,US,GB,0
2015-01-08,GB,US,0
2015-01-08,NL,GB,0
2015-01-08,GB,NL,0
2015-01-08,NL,US,0
2015-01-08,US,NL,0
2015-01-09,US,GB,0
2015-01-09,GB,US,0
2015-01-09,NL,GB,0
2015-01-09,GB,NL,0
2015-01-09,NL,US,0
2015-01-09,US,NL,0
2015-01-12,US,GB,0
2015-01-12,GB,US,0
2015-01-12,NL,GB,0
2015-01-12,GB,NL,0
2015-01-12,NL,US,0
2015-01-12,US,NL,0
2015-01-13,US,GB,0
2015-01-13,GB,US,0
2015-01-13,NL,GB,0
2015-01-13,GB,NL,0
2015-01-13,NL,US,0
2015-01-13,US,NL,0
2015-01-14,US,GB,-1500
2015-01-14,GB,US,1500
2015-01-14,NL,GB,0
2015-01-14,GB,NL,0
2015-01-14,NL,US,0
2015-01-14,US,NL,0
2015-01-15,US,GB,-1500
2015-01-15,GB,US,1500
2015-01-15,NL,GB,0
2015-01-15,GB,NL,0
2015-01-15,NL,US,2000
2015-01-15,US,NL,-2000
2015-01-16,US,GB,0
2015-01-16,GB,US,0
2015-01-16,NL,GB,0
2015-01-16,GB,NL,0
2015-01-16,NL,US,-500
2015-01-16,US,NL,500
2015-01-20,US,GB,0
2015-01-20,GB,US,0
2015-01-20,NL,GB,0
2015-01-20,GB,NL,0
2015-01-20,NL,US,0
2015-01-20,US,NL,0
2015-01-21,US,GB,0
2015-01-21,GB,US,0
2015-01-21,NL,GB,0
2015-01-21,GB,NL,0
2015-01-21,NL,US,12000
2015-01-21,US,NL,-12000
2015-01-16,US,GB,0
2015-01-16,GB,US,0
2015-01-16,NL,GB,0
2015-01-16,GB,NL,0
2015-01-16,NL,US,-500
2015-01-16,US,NL,500
2015-01-20,US,GB,0
2015-01-20,GB,US,0
2015-01-20,NL,GB,0
2015-01-20,GB,NL,0
2015-01-20,NL,US,0
2015-01-20,US,NL,0
2015-01-22,US,GB,19000
2015-01-22,GB,US,-19000
2015-01-22,NL,GB,313
2015-01-22,GB,NL,-313
2015-01-22,NL,US,0
2015-01-22,US,NL,0
2015-01-21,US,GB,0
2015-01-21,GB,US,0
2015-01-21,NL,GB,0
2015-01-21,GB,NL,0
2015-01-21,NL,US,12000
2015-01-21,US,NL,-12000
2015-01-23,US,GB,0
2015-01-23,GB,US,0
2015-01-23,NL,GB,0
2015-01-23,GB,NL,0
2015-01-23,NL,US,500
2015-01-23,US,NL,-500
2015-01-26,US,GB,0
2015-01-26,GB,US,0
2015-01-26,NL,GB,0
2015-01-26,GB,NL,0
2015-01-26,NL,US,0
2015-01-26,US,NL,0
2015-01-22,US,GB,19000
2015-01-22,GB,US,-19000
2015-01-22,NL,GB,313
2015-01-22,GB,NL,-313
2015-01-22,NL,US,0
2015-01-22,US,NL,0
2015-01-27,US,GB,0
2015-01-27,GB,US,0
2015-01-27,NL,GB,0
2015-01-27,GB,NL,0
2015-01-27,NL,US,0
2015-01-27,US,NL,0
2015-01-28,US,GB,0
2015-01-28,GB,US,0
2015-01-28,NL,GB,500
2015-01-28,GB,NL,-500
2015-01-28,NL,US,5250
2015-01-28,US,NL,-5250
2015-01-29,US,GB,0
2015-01-29,GB,US,0
2015-01-29,NL,GB,250
2015-01-29,GB,NL,-250
2015-01-29,NL,US,0
2015-01-29,US,NL,0
2015-01-30,US,GB,1000
2015-01-30,GB,US,-1000
2015-01-30,NL,GB,0
2015-01-30,GB,NL,0
2015-01-30,NL,US,0
2015-01-30,US,NL,0
2015-02-02,US,GB,0
2015-02-02,GB,US,0
2015-02-02,NL,GB,0
2015-02-02,GB,NL,0
2015-02-02,NL,US,0
2015-02-02,US,NL,0
2015-02-03,US,GB,0
2015-02-03,GB,US,0
2015-02-03,NL,GB,0
2015-02-03,GB,NL,0
2015-02-03,NL,US,500
2015-02-03,US,NL,-500
2015-02-04,US,GB,0
2015-02-04,GB,US,0
2015-02-04,NL,GB,1250
2015-02-04,GB,NL,-1250
2015-02-04,NL,US,0
2015-02-04,US,NL,0
2015-01-30,US,GB,1000
2015-01-30,GB,US,-1000
2015-01-30,NL,GB,0
2015-01-30,GB,NL,0
2015-01-30,NL,US,0
2015-01-30,US,NL,0
2015-02-05,US,GB,0
2015-02-05,GB,US,0
2015-02-05,NL,GB,0
2015-02-05,GB,NL,0
2015-02-05,NL,US,0
2015-02-05,US,NL,0
2015-02-02,US,GB,0
2015-02-02,GB,US,0
2015-02-02,NL,GB,0
2015-02-02,GB,NL,0
2015-02-02,NL,US,0
2015-02-02,US,NL,0
2015-02-03,US,GB,0
2015-02-03,GB,US,0
2015-02-03,NL,GB,0
2015-02-03,GB,NL,0
2015-02-03,NL,US,500
2015-02-03,US,NL,-500
2015-02-06,US,GB,500
2015-02-06,GB,US,-500
2015-02-06,NL,GB,74
2015-02-06,GB,NL,-74
2015-02-06,NL,US,0
2015-02-06,US,NL,0
2015-02-04,US,GB,0
2015-02-04,GB,US,0
2015-02-04,NL,GB,1250
2015-02-04,GB,NL,-1250
2015-02-04,NL,US,0
2015-02-04,US,NL,0
2015-02-09,US,GB,0
2015-02-09,GB,US,0
2015-02-09,NL,GB,0
2015-02-09,GB,NL,0
2015-02-09,NL,US,375
2015-02-09,US,NL,-375
2015-02-05,US,GB,0
2015-02-05,GB,US,0
2015-02-05,NL,GB,0
2015-02-05,GB,NL,0
2015-02-05,NL,US,0
2015-02-05,US,NL,0
2015-02-10,US,GB,1500
2015-02-10,GB,US,-1500
2015-02-10,NL,GB,0
2015-02-10,GB,NL,0
2015-02-10,NL,US,0
2015-02-10,US,NL,0
2015-02-11,US,GB,-2000
2015-02-11,GB,US,2000
2015-02-11,NL,GB,0
2015-02-11,GB,NL,0
2015-02-11,NL,US,-187
2015-02-11,US,NL,187
2015-02-06,US,GB,500
2015-02-06,GB,US,-500
2015-02-06,NL,GB,74
2015-02-06,GB,NL,-74
2015-02-06,NL,US,0
2015-02-06,US,NL,0
2015-02-12,US,GB,-500
2015-02-12,GB,US,500
2015-02-12,NL,GB,0
2015-02-12,GB,NL,0
2015-02-12,NL,US,250
2015-02-12,US,NL,-250
2015-02-09,US,GB,0
2015-02-09,GB,US,0
2015-02-09,NL,GB,0
2015-02-09,GB,NL,0
2015-02-09,NL,US,375
2015-02-09,US,NL,-375
2015-02-10,US,GB,1500
2015-02-10,GB,US,-1500
2015-02-10,NL,GB,0
2015-02-10,GB,NL,0
2015-02-10,NL,US,0
2015-02-10,US,NL,0
2015-02-13,US,GB,0
2015-02-13,GB,US,0
2015-02-13,NL,GB,0
2015-02-13,GB,NL,0
2015-02-13,NL,US,1809
2015-02-13,US,NL,-1809
2015-02-17,US,GB,-500
2015-02-17,GB,US,500
2015-02-17,NL,GB,0
2015-02-17,GB,NL,0
2015-02-17,NL,US,0
2015-02-17,US,NL,0
2015-02-11,US,GB,-2000
2015-02-11,GB,US,2000
2015-02-11,NL,GB,0
2015-02-11,GB,NL,0
2015-02-11,NL,US,-187
2015-02-11,US,NL,187
2015-02-18,US,GB,0
2015-02-18,GB,US,0
2015-02-18,NL,GB,15000
2015-02-18,GB,NL,-15000
2015-02-18,NL,US,0
2015-02-18,US,NL,0
2015-02-12,US,GB,-500
2015-02-12,GB,US,500
2015-02-12,NL,GB,0
2015-02-12,GB,NL,0
2015-02-12,NL,US,250
2015-02-12,US,NL,-250
2015-02-19,US,GB,0
2015-02-19,GB,US,0
2015-02-19,NL,GB,0
2015-02-19,GB,NL,0
2015-02-19,NL,US,0
2015-02-19,US,NL,0
2015-02-13,US,GB,0
2015-02-13,GB,US,0
2015-02-13,NL,GB,0
2015-02-13,GB,NL,0
2015-02-13,NL,US,1809
2015-02-13,US,NL,-1809
2015-02-20,US,GB,500
2015-02-20,GB,US,-500
2015-02-20,NL,GB,-125
2015-02-20,GB,NL,125
2015-02-20,NL,US,-1000
2015-02-20,US,NL,1000
2015-02-17,US,GB,-500
2015-02-17,GB,US,500
2015-02-17,NL,GB,0
2015-02-17,GB,NL,0
2015-02-17,NL,US,0
2015-02-17,US,NL,0
2015-02-23,US,GB,0
2015-02-23,GB,US,0
2015-02-23,NL,GB,0
2015-02-23,GB,NL,0
2015-02-23,NL,US,0
2015-02-23,US,NL,0
2015-02-18,US,GB,0
2015-02-18,GB,US,0
2015-02-18,NL,GB,15000
2015-02-18,GB,NL,-15000
2015-02-18,NL,US,0
2015-02-18,US,NL,0
2015-02-24,US,GB,0
2015-02-24,GB,US,0
2015-02-24,NL,GB,0
2015-02-24,GB,NL,0
2015-02-24,NL,US,0
2015-02-24,US,NL,0
2015-02-19,US,GB,0
2015-02-19,GB,US,0
2015-02-19,NL,GB,0
2015-02-19,GB,NL,0
2015-02-19,NL,US,0
2015-02-19,US,NL,0
2015-02-25,US,GB,0
2015-02-25,GB,US,0
2015-02-25,NL,GB,0
2015-02-25,GB,NL,0
2015-02-25,NL,US,500
2015-02-25,US,NL,-500
2015-02-26,US,GB,0
2015-02-26,GB,US,0
2015-02-26,NL,GB,0
2015-02-26,GB,NL,0
2015-02-26,NL,US,0
2015-02-26,US,NL,0
2015-02-20,US,GB,500
2015-02-20,GB,US,-500
2015-02-20,NL,GB,-125
2015-02-20,GB,NL,125
2015-02-20,NL,US,-1000
2015-02-20,US,NL,1000
2015-02-23,US,GB,0
2015-02-23,GB,US,0
2015-02-23,NL,GB,0
2015-02-23,GB,NL,0
2015-02-23,NL,US,0
2015-02-23,US,NL,0
2015-02-27,US,GB,250
2015-02-27,GB,US,-250
2015-02-27,NL,GB,0
2015-02-27,GB,NL,0
2015-02-27,NL,US,2500
2015-02-27,US,NL,-2500
2015-02-24,US,GB,0
2015-02-24,GB,US,0
2015-02-24,NL,GB,0
2015-02-24,GB,NL,0
2015-02-24,NL,US,0
2015-02-24,US,NL,0
2015-03-02,US,GB,0
2015-03-02,GB,US,0
2015-03-02,NL,GB,0
2015-03-02,GB,NL,0
2015-03-02,NL,US,15625
2015-03-02,US,NL,-15625
2015-02-25,US,GB,0
2015-02-25,GB,US,0
2015-02-25,NL,GB,0
2015-02-25,GB,NL,0
2015-02-25,NL,US,500
2015-02-25,US,NL,-500
2015-02-26,US,GB,0
2015-02-26,GB,US,0
2015-02-26,NL,GB,0
2015-02-26,GB,NL,0
2015-02-26,NL,US,0
2015-02-26,US,NL,0
2015-03-03,US,GB,-187
2015-03-03,GB,US,187
2015-03-03,NL,GB,1000
2015-03-03,GB,NL,-1000
2015-03-03,NL,US,0
2015-03-03,US,NL,0
2015-02-27,US,GB,250
2015-02-27,GB,US,-250
2015-02-27,NL,GB,0
2015-02-27,GB,NL,0
2015-02-27,NL,US,2500
2015-02-27,US,NL,-2500
2015-03-04,US,GB,-250
2015-03-04,GB,US,250
2015-03-04,NL,GB,0
2015-03-04,GB,NL,0
2015-03-04,NL,US,0
2015-03-04,US,NL,0
2015-03-02,US,GB,0
2015-03-02,GB,US,0
2015-03-02,NL,GB,0
2015-03-02,GB,NL,0
2015-03-02,NL,US,15625
2015-03-02,US,NL,-15625
2015-03-05,US,GB,-750
2015-03-05,GB,US,750
2015-03-05,NL,GB,250
2015-03-05,GB,NL,-250
2015-03-05,NL,US,250
2015-03-05,US,NL,-250
2015-03-03,US,GB,-187
2015-03-03,GB,US,187
2015-03-03,NL,GB,1000
2015-03-03,GB,NL,-1000
2015-03-03,NL,US,0
2015-03-03,US,NL,0
2015-03-06,US,GB,-1430
2015-03-06,GB,US,1430
2015-03-06,NL,GB,0
2015-03-06,GB,NL,0
2015-03-06,NL,US,0
2015-03-06,US,NL,0
2015-03-04,US,GB,-250
2015-03-04,GB,US,250
2015-03-04,NL,GB,0
2015-03-04,GB,NL,0
2015-03-04,NL,US,0
2015-03-04,US,NL,0
2015-03-09,US,GB,-187
2015-03-09,GB,US,187
2015-03-09,NL,GB,0
2015-03-09,GB,NL,0
2015-03-09,NL,US,1000
2015-03-09,US,NL,-1000
2015-03-05,US,GB,-750
2015-03-05,GB,US,750
2015-03-05,NL,GB,250
2015-03-05,GB,NL,-250
2015-03-05,NL,US,250
2015-03-05,US,NL,-250
2015-03-10,US,GB,0
2015-03-10,GB,US,0
2015-03-10,NL,GB,-750
2015-03-10,GB,NL,750
2015-03-10,NL,US,-3000
2015-03-10,US,NL,3000
2015-03-11,US,GB,-6000
2015-03-11,GB,US,6000
2015-03-11,NL,GB,0
2015-03-11,GB,NL,0
2015-03-11,NL,US,-500
2015-03-11,US,NL,500
2015-03-06,US,GB,-1430
2015-03-06,GB,US,1430
2015-03-06,NL,GB,0
2015-03-06,GB,NL,0
2015-03-06,NL,US,0
2015-03-06,US,NL,0
2015-03-12,US,GB,1000
2015-03-12,GB,US,-1000
2015-03-12,NL,GB,25250
2015-03-12,GB,NL,-25250
2015-03-12,NL,US,0
2015-03-12,US,NL,0
2015-03-09,US,GB,-187
2015-03-09,GB,US,187
2015-03-09,NL,GB,0
2015-03-09,GB,NL,0
2015-03-09,NL,US,1000
2015-03-09,US,NL,-1000
2015-03-10,US,GB,0
2015-03-10,GB,US,0
2015-03-10,NL,GB,-750
2015-03-10,GB,NL,750
2015-03-10,NL,US,-3000
2015-03-10,US,NL,3000
2015-03-13,US,GB,0
2015-03-13,GB,US,0
2015-03-13,NL,GB,1250
2015-03-13,GB,NL,-1250
2015-03-13,NL,US,-750
2015-03-13,US,NL,750
2015-03-16,US,GB,-2000
2015-03-16,GB,US,2000
2015-03-16,NL,GB,0
2015-03-16,GB,NL,0
2015-03-16,NL,US,9000
2015-03-16,US,NL,-9000
2015-03-11,US,GB,-6000
2015-03-11,GB,US,6000
2015-03-11,NL,GB,0
2015-03-11,GB,NL,0
2015-03-11,NL,US,-500
2015-03-11,US,NL,500
2015-03-17,US,GB,-1000
2015-03-17,GB,US,1000
2015-03-17,NL,GB,1000
2015-03-17,GB,NL,-1000
2015-03-17,NL,US,0
2015-03-17,US,NL,0
2015-03-12,US,GB,1000
2015-03-12,GB,US,-1000
2015-03-12,NL,GB,25250
2015-03-12,GB,NL,-25250
2015-03-12,NL,US,0
2015-03-12,US,NL,0
2015-03-18,US,GB,313
2015-03-18,GB,US,-313
2015-03-18,NL,GB,0
2015-03-18,GB,NL,0
2015-03-18,NL,US,0
2015-03-18,US,NL,0
2015-03-13,US,GB,0
2015-03-13,GB,US,0
2015-03-13,NL,GB,1250
2015-03-13,GB,NL,-1250
2015-03-13,NL,US,-750
2015-03-13,US,NL,750
2015-03-16,US,GB,-2000
2015-03-16,GB,US,2000
2015-03-16,NL,GB,0
2015-03-16,GB,NL,0
2015-03-16,NL,US,9000
2015-03-16,US,NL,-9000
2015-03-19,US,GB,-40250
2015-03-19,GB,US,40250
2015-03-19,NL,GB,0
2015-03-19,GB,NL,0
2015-03-19,NL,US,5625
2015-03-19,US,NL,-5625
2015-03-17,US,GB,-1000
2015-03-17,GB,US,1000
2015-03-17,NL,GB,1000
2015-03-17,GB,NL,-1000
2015-03-17,NL,US,0
2015-03-17,US,NL,0
2015-03-20,US,GB,0
2015-03-20,GB,US,0
2015-03-20,NL,GB,0
2015-03-20,GB,NL,0
2015-03-20,NL,US,1000
2015-03-20,US,NL,-1000
2015-03-18,US,GB,313
2015-03-18,GB,US,-313
2015-03-18,NL,GB,0
2015-03-18,GB,NL,0
2015-03-18,NL,US,0
2015-03-18,US,NL,0
2015-03-23,US,GB,0
2015-03-23,GB,US,0
2015-03-23,NL,GB,250
2015-03-23,GB,NL,-250
2015-03-23,NL,US,71125
2015-03-23,US,NL,-71125
2015-03-19,US,GB,-40250
2015-03-19,GB,US,40250
2015-03-19,NL,GB,0
2015-03-19,GB,NL,0
2015-03-19,NL,US,5625
2015-03-19,US,NL,-5625
2015-03-24,US,GB,0
2015-03-24,GB,US,0
2015-03-24,NL,GB,0
2015-03-24,GB,NL,0
2015-03-24,NL,US,15333
2015-03-24,US,NL,-15333
2015-03-20,US,GB,0
2015-03-20,GB,US,0
2015-03-20,NL,GB,0
2015-03-20,GB,NL,0
2015-03-20,NL,US,1000
2015-03-20,US,NL,-1000
2015-03-25,US,GB,-1500
2015-03-25,GB,US,1500
2015-03-25,NL,GB,2250
2015-03-25,GB,NL,-2250
2015-03-25,NL,US,500
2015-03-25,US,NL,-500
2015-03-23,US,GB,0
2015-03-23,GB,US,0
2015-03-23,NL,GB,250
2015-03-23,GB,NL,-250
2015-03-23,NL,US,71125
2015-03-23,US,NL,-71125
2015-03-26,US,GB,0
2015-03-26,GB,US,0
2015-03-26,NL,GB,0
2015-03-26,GB,NL,0
2015-03-26,NL,US,1250
2015-03-26,US,NL,-1250
2015-03-24,US,GB,0
2015-03-24,GB,US,0
2015-03-24,NL,GB,0
2015-03-24,GB,NL,0
2015-03-24,NL,US,15333
2015-03-24,US,NL,-15333
2015-03-27,US,GB,-1282
2015-03-27,GB,US,1282
2015-03-27,NL,GB,0
2015-03-27,GB,NL,0
2015-03-27,NL,US,-15000
2015-03-27,US,NL,15000
2015-03-25,US,GB,-1500
2015-03-25,GB,US,1500
2015-03-25,NL,GB,2250
2015-03-25,GB,NL,-2250
2015-03-25,NL,US,500
2015-03-25,US,NL,-500
2015-03-30,US,GB,-4000
2015-03-30,GB,US,4000
2015-03-30,NL,GB,4000
2015-03-30,GB,NL,-4000
2015-03-30,NL,US,351
2015-03-30,US,NL,-351
2015-03-26,US,GB,0
2015-03-26,GB,US,0
2015-03-26,NL,GB,0
2015-03-26,GB,NL,0
2015-03-26,NL,US,1250
2015-03-26,US,NL,-1250
2015-03-31,US,GB,-17000
2015-03-31,GB,US,17000
2015-03-31,NL,GB,0
2015-03-31,GB,NL,0
2015-03-31,NL,US,-500
2015-03-31,US,NL,500
2015-03-27,US,GB,-1282
2015-03-27,GB,US,1282
2015-03-27,NL,GB,0
2015-03-27,GB,NL,0
2015-03-27,NL,US,-15000
2015-03-27,US,NL,15000
2015-04-01,US,GB,18250
2015-04-01,GB,US,-18250
2015-04-01,NL,GB,0
2015-04-01,GB,NL,0
2015-04-01,NL,US,-15000
2015-04-01,US,NL,15000
2015-04-02,US,GB,0
2015-04-02,GB,US,0
2015-04-02,NL,GB,1500
2015-04-02,GB,NL,-1500
2015-04-02,NL,US,2313
2015-04-02,US,NL,-2313
2015-03-30,US,GB,-4000
2015-03-30,GB,US,4000
2015-03-30,NL,GB,4000
2015-03-30,GB,NL,-4000
2015-03-30,NL,US,351
2015-03-30,US,NL,-351
2015-04-07,US,GB,-2000
2015-04-07,GB,US,2000
2015-04-07,NL,GB,0
2015-04-07,GB,NL,0
2015-04-07,NL,US,-1500
2015-04-07,US,NL,1500
2015-03-31,US,GB,-17000
2015-03-31,GB,US,17000
2015-03-31,NL,GB,0
2015-03-31,GB,NL,0
2015-03-31,NL,US,-500
2015-03-31,US,NL,500
2015-04-01,US,GB,18250
2015-04-01,GB,US,-18250
2015-04-01,NL,GB,0
2015-04-01,GB,NL,0
2015-04-01,NL,US,-15000
2015-04-01,US,NL,15000
2015-04-08,US,GB,375
2015-04-08,GB,US,-375
2015-04-08,NL,GB,0
2015-04-08,GB,NL,0
2015-04-08,NL,US,-500
2015-04-08,US,NL,500
2015-04-02,US,GB,0
2015-04-02,GB,US,0
2015-04-02,NL,GB,1500
2015-04-02,GB,NL,-1500
2015-04-02,NL,US,2313
2015-04-02,US,NL,-2313
2015-04-09,US,GB,4000
2015-04-09,GB,US,-4000
2015-04-09,NL,GB,0
2015-04-09,GB,NL,0
2015-04-09,NL,US,-1000
2015-04-09,US,NL,1000
2015-04-07,US,GB,-2000
2015-04-07,GB,US,2000
2015-04-07,NL,GB,0
2015-04-07,GB,NL,0
2015-04-07,NL,US,-1500
2015-04-07,US,NL,1500
2015-04-10,US,GB,0
2015-04-10,GB,US,0
2015-04-10,NL,GB,0
2015-04-10,GB,NL,0
2015-04-10,NL,US,0
2015-04-10,US,NL,0
2015-04-13,US,GB,0
2015-04-13,GB,US,0
2015-04-13,NL,GB,-1000
2015-04-13,GB,NL,1000
2015-04-13,NL,US,7000
2015-04-13,US,NL,-7000
2015-04-08,US,GB,375
2015-04-08,GB,US,-375
2015-04-08,NL,GB,0
2015-04-08,GB,NL,0
2015-04-08,NL,US,-500
2015-04-08,US,NL,500
2015-04-14,US,GB,0
2015-04-14,GB,US,0
2015-04-14,NL,GB,1000
2015-04-14,GB,NL,-1000
2015-04-14,NL,US,500
2015-04-14,US,NL,-500
2015-04-09,US,GB,4000
2015-04-09,GB,US,-4000
2015-04-09,NL,GB,0
2015-04-09,GB,NL,0
2015-04-09,NL,US,-1000
2015-04-09,US,NL,1000
2015-04-10,US,GB,0
2015-04-10,GB,US,0
2015-04-10,NL,GB,0
2015-04-10,GB,NL,0
2015-04-10,NL,US,0
2015-04-10,US,NL,0
2015-04-15,US,GB,0
2015-04-15,GB,US,0
2015-04-15,NL,GB,1
2015-04-15,GB,NL,-1
2015-04-15,NL,US,1495
2015-04-15,US,NL,-1495
2015-04-13,US,GB,0
2015-04-13,GB,US,0
2015-04-13,NL,GB,-1000
2015-04-13,GB,NL,1000
2015-04-13,NL,US,7000
2015-04-13,US,NL,-7000
2015-04-16,US,GB,11000
2015-04-16,GB,US,-11000
2015-04-16,NL,GB,63
2015-04-16,GB,NL,-63
2015-04-16,NL,US,1125
2015-04-16,US,NL,-1125
2015-04-17,US,GB,0
2015-04-17,GB,US,0
2015-04-17,NL,GB,1
2015-04-17,GB,NL,-1
2015-04-17,NL,US,250
2015-04-17,US,NL,-250
2015-04-20,US,GB,375
2015-04-20,GB,US,-375
2015-04-20,NL,GB,0
2015-04-20,GB,NL,0
2015-04-20,NL,US,0
2015-04-20,US,NL,0
2015-04-21,US,GB,-500
2015-04-21,GB,US,500
2015-04-21,NL,GB,-4
2015-04-21,GB,NL,4
2015-04-21,NL,US,500
2015-04-21,US,NL,-500
2015-04-22,US,GB,0
2015-04-22,GB,US,0
2015-04-22,NL,GB,0
2015-04-22,GB,NL,0
2015-04-22,NL,US,250
2015-04-22,US,NL,-250
2015-04-23,US,GB,-16000
2015-04-23,GB,US,16000
2015-04-23,NL,GB,-250
2015-04-23,GB,NL,250
2015-04-23,NL,US,2000
2015-04-23,US,NL,-2000
2015-04-24,US,GB,0
2015-04-24,GB,US,0
2015-04-24,NL,GB,0
2015-04-24,GB,NL,0
2015-04-24,NL,US,34
2015-04-24,US,NL,-34
2015-04-27,US,GB,-14000
2015-04-27,GB,US,14000
2015-04-27,NL,GB,0
2015-04-27,GB,NL,0
2015-04-27,NL,US,13250
2015-04-27,US,NL,-13250
2015-04-28,US,GB,-500
2015-04-28,GB,US,500
2015-04-28,NL,GB,0
2015-04-28,GB,NL,0
2015-04-28,NL,US,500
2015-04-28,US,NL,-500
2015-04-29,US,GB,0
2015-04-29,GB,US,0
2015-04-29,NL,GB,1000
2015-04-29,GB,NL,-1000
2015-04-29,NL,US,-129059
2015-04-29,US,NL,129059
2015-04-30,US,GB,0
2015-04-30,GB,US,0
2015-04-30,NL,GB,-1000
2015-04-30,GB,NL,1000
2015-04-30,NL,US,9500
2015-04-30,US,NL,-9500
2015-05-05,US,GB,0
2015-05-05,GB,US,0
2015-05-05,NL,GB,0
2015-05-05,GB,NL,0
2015-05-05,NL,US,0
2015-05-05,US,NL,0
2015-05-06,US,GB,16000
2015-05-06,GB,US,-16000
2015-05-06,NL,GB,0
2015-05-06,GB,NL,0
2015-05-06,NL,US,250
2015-05-06,US,NL,-250
2015-05-07,US,GB,12250
2015-05-07,GB,US,-12250
2015-05-07,NL,GB,0
2015-05-07,GB,NL,0
2015-05-07,NL,US,0
2015-05-07,US,NL,0
2015-05-08,US,GB,0
2015-05-08,GB,US,0
2015-05-08,NL,GB,250
2015-05-08,GB,NL,-250
2015-05-08,NL,US,6500
2015-05-08,US,NL,-6500
2015-05-11,US,GB,-3375
2015-05-11,GB,US,3375
2015-05-11,NL,GB,-43388
2015-05-11,GB,NL,43388
2015-05-11,NL,US,0
2015-05-11,US,NL,0
2015-05-12,US,GB,-813
2015-05-12,GB,US,813
2015-05-12,NL,GB,-125
2015-05-12,GB,NL,125
2015-05-12,NL,US,3250
2015-05-12,US,NL,-3250
2015-05-13,US,GB,-1000
2015-05-13,GB,US,1000
2015-05-13,NL,GB,-500
2015-05-13,GB,NL,500
2015-05-13,NL,US,-1500
2015-05-13,US,NL,1500
2015-05-14,US,GB,250
2015-05-14,GB,US,-250
2015-05-14,NL,GB,7000
2015-05-14,GB,NL,-7000
2015-05-14,NL,US,5500
2015-05-14,US,NL,-5500
2015-05-15,US,GB,7000
2015-05-15,GB,US,-7000
2015-05-15,NL,GB,-2000
2015-05-15,GB,NL,2000
2015-05-15,NL,US,250
2015-05-15,US,NL,-250
2015-05-18,US,GB,-250
2015-05-18,GB,US,250
2015-05-18,NL,GB,8000
2015-05-18,GB,NL,-8000
2015-05-18,NL,US,125
2015-05-18,US,NL,-125
2015-05-19,US,GB,-3000
2015-05-19,GB,US,3000
2015-05-19,NL,GB,0
2015-05-19,GB,NL,0
2015-05-19,NL,US,0
2015-05-19,US,NL,0
2015-05-20,US,GB,500
2015-05-20,GB,US,-500
2015-05-20,NL,GB,-3000
2015-05-20,GB,NL,3000
2015-05-20,NL,US,0
2015-05-20,US,NL,0
2015-05-21,US,GB,-1724
2015-05-21,GB,US,1724
2015-05-21,NL,GB,0
2015-05-21,GB,NL,0
2015-05-21,NL,US,1125
2015-05-21,US,NL,-1125
2015-05-22,US,GB,-1000
2015-05-22,GB,US,1000
2015-05-22,NL,GB,-2000
2015-05-22,GB,NL,2000
2015-05-22,NL,US,250
2015-05-22,US,NL,-250
2015-05-26,US,GB,-2000
2015-05-26,GB,US,2000
2015-05-26,NL,GB,0
2015-05-26,GB,NL,0
2015-05-26,NL,US,125
2015-05-26,US,NL,-125
2015-05-27,US,GB,250
2015-05-27,GB,US,-250
2015-05-27,NL,GB,0
2015-05-27,GB,NL,0
2015-05-27,NL,US,4500
2015-05-27,US,NL,-4500
2015-05-28,US,GB,0
2015-05-28,GB,US,0
2015-05-28,NL,GB,-7500
2015-05-28,GB,NL,7500
2015-05-28,NL,US,-5500
2015-05-28,US,NL,5500
2015-05-29,US,GB,-1861
2015-05-29,GB,US,1861
2015-05-29,NL,GB,-250
2015-05-29,GB,NL,250
2015-05-29,NL,US,1250
2015-05-29,US,NL,-1250
2015-06-01,US,GB,1000
2015-06-01,GB,US,-1000
2015-06-01,NL,GB,-4125
2015-06-01,GB,NL,4125
2015-06-01,NL,US,1625
2015-06-01,US,NL,-1625
2015-06-02,US,GB,-500
2015-06-02,GB,US,500
2015-06-02,NL,GB,11000
2015-06-02,GB,NL,-11000
2015-06-02,NL,US,0
2015-06-02,US,NL,0
2015-06-03,US,GB,-329
2015-06-03,GB,US,329
2015-06-03,NL,GB,0
2015-06-03,GB,NL,0
2015-06-03,NL,US,-1000
2015-06-03,US,NL,1000
2015-06-04,US,GB,-1000
2015-06-04,GB,US,1000
2015-06-04,NL,GB,1
2015-06-04,GB,NL,-1
2015-06-04,NL,US,1000
2015-06-04,US,NL,-1000
2015-06-05,US,GB,-4000
2015-06-05,GB,US,4000
2015-06-05,NL,GB,-1000
2015-06-05,GB,NL,1000
2015-06-05,NL,US,8000
2015-06-05,US,NL,-8000
2015-06-08,US,GB,0
2015-06-08,GB,US,0
2015-06-08,NL,GB,-3000
2015-06-08,GB,NL,3000
2015-06-08,NL,US,-1000
2015-06-08,US,NL,1000
2015-06-09,US,GB,0
2015-06-09,GB,US,0
2015-06-09,NL,GB,1000
2015-06-09,GB,NL,-1000
2015-06-09,NL,US,500
2015-06-09,US,NL,-500
2015-06-10,US,GB,0
2015-06-10,GB,US,0
2015-06-10,NL,GB,-1500
2015-06-10,GB,NL,1500
2015-06-10,NL,US,-30500
2015-06-10,US,NL,30500
2015-06-11,US,GB,-1000
2015-06-11,GB,US,1000
2015-06-11,NL,GB,-36500
2015-06-11,GB,NL,36500
2015-06-11,NL,US,0
2015-06-11,US,NL,0
2015-06-12,US,GB,11500
2015-06-12,GB,US,-11500
2015-06-12,NL,GB,1500
2015-06-12,GB,NL,-1500
2015-06-12,NL,US,-8250
2015-06-12,US,NL,8250
2015-06-15,US,GB,0
2015-06-15,GB,US,0
2015-06-15,NL,GB,0
2015-06-15,GB,NL,0
2015-06-15,NL,US,500
2015-06-15,US,NL,-500
2015-06-16,US,GB,-1000
2015-06-16,GB,US,1000
2015-06-16,NL,GB,0
2015-06-16,GB,NL,0
2015-06-16,NL,US,-1000
2015-06-16,US,NL,1000
2015-06-17,US,GB,1500
2015-06-17,GB,US,-1500
2015-06-17,NL,GB,0
2015-06-17,GB,NL,0
2015-06-17,NL,US,-1500
2015-06-17,US,NL,1500
2015-06-18,US,GB,-1500
2015-06-18,GB,US,1500
2015-06-18,NL,GB,0
2015-06-18,GB,NL,0
2015-06-18,NL,US,1000
2015-06-18,US,NL,-1000
2015-06-19,US,GB,-500
2015-06-19,GB,US,500
2015-06-19,NL,GB,1859
2015-06-19,GB,NL,-1859
2015-06-19,NL,US,500
2015-06-19,US,NL,-500
2015-06-22,US,GB,0
2015-06-22,GB,US,0
2015-06-22,NL,GB,0
2015-06-22,GB,NL,0
2015-06-22,NL,US,250
2015-06-22,US,NL,-250
2015-06-23,US,GB,1000
2015-06-23,GB,US,-1000
2015-06-23,NL,GB,-1500
2015-06-23,GB,NL,1500
2015-06-23,NL,US,-2625
2015-06-23,US,NL,2625
2015-06-24,US,GB,3500
2015-06-24,GB,US,-3500
2015-06-24,NL,GB,750
2015-06-24,GB,NL,-750
2015-06-24,NL,US,500
2015-06-24,US,NL,-500
2015-06-25,US,GB,-500
2015-06-25,GB,US,500
2015-06-25,NL,GB,0
2015-06-25,GB,NL,0
2015-06-25,NL,US,3000
2015-06-25,US,NL,-3000
2015-06-26,US,GB,-4000
2015-06-26,GB,US,4000
2015-06-26,NL,GB,-3
2015-06-26,GB,NL,3
2015-06-26,NL,US,2625
2015-06-26,US,NL,-2625
2015-06-29,US,GB,-250
2015-06-29,GB,US,250
2015-06-29,NL,GB,0
2015-06-29,GB,NL,0
2015-06-29,NL,US,38500
2015-06-29,US,NL,-38500
2015-06-30,US,GB,-250
2015-06-30,GB,US,250
2015-06-30,NL,GB,0
2015-06-30,GB,NL,0
2015-06-30,NL,US,375
2015-06-30,US,NL,-375
2015-07-01,US,GB,5750
2015-07-01,GB,US,-5750
2015-07-01,NL,GB,-250
2015-07-01,GB,NL,250
2015-07-01,NL,US,-64750
2015-07-01,US,NL,64750
2015-07-02,US,GB,-5250
2015-07-02,GB,US,5250
2015-07-02,NL,GB,0
2015-07-02,GB,NL,0
2015-07-02,NL,US,3000
2015-07-02,US,NL,-3000
2015-07-06,US,GB,-29000
2015-07-06,GB,US,29000
2015-07-06,NL,GB,0
2015-07-06,GB,NL,0
2015-07-06,NL,US,36064
2015-07-06,US,NL,-36064
2015-07-07,US,GB,1181247
2015-07-07,GB,US,-1181247
2015-07-07,NL,GB,250
2015-07-07,GB,NL,-250
2015-07-07,NL,US,281956
2015-07-07,US,NL,-281956
2015-07-08,US,GB,-140250
2015-07-08,GB,US,140250
2015-07-08,NL,GB,11500
2015-07-08,GB,NL,-11500
2015-07-08,NL,US,-1500
2015-07-08,US,NL,1500
2015-07-09,US,GB,-549985
2015-07-09,GB,US,549985
2015-07-09,NL,GB,0
2015-07-09,GB,NL,0
2015-07-09,NL,US,-23000
2015-07-09,US,NL,23000
2015-07-10,US,GB,2750
2015-07-10,GB,US,-2750
2015-07-10,NL,GB,32
2015-07-10,GB,NL,-32
2015-07-10,NL,US,-65125
2015-07-10,US,NL,65125
2015-07-13,US,GB,-9978042
2015-07-13,GB,US,9978042
2015-07-13,NL,GB,8000
2015-07-13,GB,NL,-8000
2015-07-13,NL,US,-69250
2015-07-13,US,NL,69250
2015-07-14,US,GB,9000
2015-07-14,GB,US,-9000
2015-07-14,NL,GB,0
2015-07-14,GB,NL,0
2015-07-14,NL,US,-5500
2015-07-14,US,NL,5500
2015-07-15,US,GB,12000
2015-07-15,GB,US,-12000
2015-07-15,NL,GB,-5500
2015-07-15,GB,NL,5500
2015-07-15,NL,US,-33500
2015-07-15,US,NL,33500
2015-07-16,US,GB,27500
2015-07-16,GB,US,-27500
2015-07-16,NL,GB,0
2015-07-16,GB,NL,0
2015-07-16,NL,US,0
2015-07-16,US,NL,0
2015-07-17,US,GB,10000
2015-07-17,GB,US,-10000
2015-07-17,NL,GB,0
2015-07-17,GB,NL,0
2015-07-17,NL,US,3000
2015-07-17,US,NL,-3000
2015-07-20,US,GB,14000
2015-07-20,GB,US,-14000
2015-07-20,NL,GB,0
2015-07-20,GB,NL,0
2015-07-20,NL,US,9000
2015-07-20,US,NL,-9000
2015-07-21,US,GB,5000
2015-07-21,GB,US,-5000
2015-07-21,NL,GB,-5906
2015-07-21,GB,NL,5906
2015-07-21,NL,US,-8125
2015-07-21,US,NL,8125
2015-07-22,US,GB,13276
2015-07-22,GB,US,-13276
2015-07-22,NL,GB,-1000
2015-07-22,GB,NL,1000
2015-07-22,NL,US,13000
2015-07-22,US,NL,-13000
2015-07-23,US,GB,-10000
2015-07-23,GB,US,10000
2015-07-23,NL,GB,4000
2015-07-23,GB,NL,-4000
2015-07-23,NL,US,1199434
2015-07-23,US,NL,-1199434
2015-07-24,US,GB,5000
2015-07-24,GB,US,-5000
2015-07-24,NL,GB,0
2015-07-24,GB,NL,0
2015-07-24,NL,US,-9000
2015-07-24,US,NL,9000
2015-07-27,US,GB,-3000
2015-07-27,GB,US,3000
2015-07-27,NL,GB,0
2015-07-27,GB,NL,0
2015-07-27,NL,US,28000
2015-07-27,US,NL,-28000
2015-07-28,US,GB,-196593
2015-07-28,GB,US,196593
2015-07-28,NL,GB,-500
2015-07-28,GB,NL,500
2015-07-28,NL,US,3000
2015-07-28,US,NL,-3000
2015-07-29,US,GB,-86875
2015-07-29,GB,US,86875
2015-07-29,NL,GB,0
2015-07-29,GB,NL,0
2015-07-29,NL,US,-24250
2015-07-29,US,NL,24250
2015-07-30,US,GB,159430
2015-07-30,GB,US,-159430
2015-07-30,NL,GB,-500
2015-07-30,GB,NL,500
2015-07-30,NL,US,-54500
2015-07-30,US,NL,54500
2015-07-31,US,GB,1669569
2015-07-31,GB,US,-1669569
2015-07-31,NL,GB,-3125
2015-07-31,GB,NL,3125
2015-07-31,NL,US,-6784478
2015-07-31,US,NL,6784478
2015-08-03,US,GB,-119313
2015-08-03,GB,US,119313
2015-08-03,NL,GB,0
2015-08-03,GB,NL,0
2015-08-03,NL,US,-970790
2015-08-03,US,NL,970790
2015-08-04,US,GB,63750
2015-08-04,GB,US,-63750
2015-08-04,NL,GB,0
2015-08-04,GB,NL,0
2015-08-04,NL,US,-20000
2015-08-04,US,NL,20000
2015-08-05,US,GB,254494
2015-08-05,GB,US,-254494
2015-08-05,NL,GB,0
2015-08-05,GB,NL,0
2015-08-05,NL,US,-70250
2015-08-05,US,NL,70250
2015-08-06,US,GB,34500
2015-08-06,GB,US,-34500
2015-08-06,NL,GB,-5000
2015-08-06,GB,NL,5000
2015-08-06,NL,US,-36500
2015-08-06,US,NL,36500
2015-08-07,US,GB,674256
2015-08-07,GB,US,-674256
2015-08-07,NL,GB,-6
2015-08-07,GB,NL,6
2015-08-07,NL,US,4000
2015-08-07,US,NL,-4000
2015-08-10,US,GB,-1156
2015-08-10,GB,US,1156
2015-08-10,NL,GB,15000
2015-08-10,GB,NL,-15000
2015-08-10,NL,US,581555
2015-08-10,US,NL,-581555
2015-08-11,US,GB,4000
2015-08-11,GB,US,-4000
2015-08-11,NL,GB,0
2015-08-11,GB,NL,0
2015-08-11,NL,US,1863628
2015-08-11,US,NL,-1863628
2015-08-12,US,GB,8500
2015-08-12,GB,US,-8500
2015-08-12,NL,GB,-17000
2015-08-12,GB,NL,17000
2015-08-12,NL,US,5000
2015-08-12,US,NL,-5000
2015-08-13,US,GB,3970410
2015-08-13,GB,US,-3970410
2015-08-13,NL,GB,0
2015-08-13,GB,NL,0
2015-08-13,NL,US,-33500
2015-08-13,US,NL,33500
2015-08-14,US,GB,4500
2015-08-14,GB,US,-4500
2015-08-14,NL,GB,500
2015-08-14,GB,NL,-500
2015-08-14,NL,US,-14000
2015-08-14,US,NL,14000
2015-08-17,US,GB,-3156502
2015-08-17,GB,US,3156502
2015-08-17,NL,GB,0
2015-08-17,GB,NL,0
2015-08-17,NL,US,2778914
2015-08-17,US,NL,-2778914
2015-08-18,US,GB,-17000
2015-08-18,GB,US,17000
2015-08-18,NL,GB,283750
2015-08-18,GB,NL,-283750
2015-08-18,NL,US,27000
2015-08-18,US,NL,-27000
2015-08-19,US,GB,24500
2015-08-19,GB,US,-24500
2015-08-19,NL,GB,0
2015-08-19,GB,NL,0
2015-08-19,NL,US,-9250
2015-08-19,US,NL,9250
2015-08-20,US,GB,245303
2015-08-20,GB,US,-245303
2015-08-20,NL,GB,0
2015-08-20,GB,NL,0
2015-08-20,NL,US,-94557
2015-08-20,US,NL,94557
2015-08-21,US,GB,-12500
2015-08-21,GB,US,12500
2015-08-21,NL,GB,0
2015-08-21,GB,NL,0
2015-08-21,NL,US,347369
2015-08-21,US,NL,-347369
2015-08-24,US,GB,-10862861
2015-08-24,GB,US,10862861
2015-08-24,NL,GB,-29
2015-08-24,GB,NL,29
2015-08-24,NL,US,1500
2015-08-24,US,NL,-1500
2015-08-25,US,GB,1006410
2015-08-25,GB,US,-1006410
2015-08-25,NL,GB,1000
2015-08-25,GB,NL,-1000
2015-08-25,NL,US,-1257154
2015-08-25,US,NL,1257154
2015-08-26,US,GB,14458392
2015-08-26,GB,US,-14458392
2015-08-26,NL,GB,0
2015-08-26,GB,NL,0
2015-08-26,NL,US,-11051237
2015-08-26,US,NL,11051237
2015-08-27,US,GB,26500
2015-08-27,GB,US,-26500
2015-08-27,NL,GB,0
2015-08-27,GB,NL,0
2015-08-27,NL,US,-53937
2015-08-27,US,NL,53937
2015-08-28,US,GB,4625
2015-08-28,GB,US,-4625
2015-08-28,NL,GB,0
2015-08-28,GB,NL,0
2015-08-28,NL,US,-4500
2015-08-28,US,NL,4500
2015-09-01,US,GB,5000
2015-09-01,GB,US,-5000
2015-09-01,NL,GB,0
2015-09-01,GB,NL,0
2015-09-01,NL,US,-154750
2015-09-01,US,NL,154750
2015-09-02,US,GB,-96250
2015-09-02,GB,US,96250
2015-09-02,NL,GB,0
2015-09-02,GB,NL,0
2015-09-02,NL,US,-21750
2015-09-02,US,NL,21750
2015-09-03,US,GB,3000
2015-09-03,GB,US,-3000
2015-09-03,NL,GB,-2000
2015-09-03,GB,NL,2000
2015-09-03,NL,US,-35500
2015-09-03,US,NL,35500
2015-09-04,US,GB,5500
2015-09-04,GB,US,-5500
2015-09-04,NL,GB,0
2015-09-04,GB,NL,0
2015-09-04,NL,US,-18000
2015-09-04,US,NL,18000
2015-09-08,US,GB,152375
2015-09-08,GB,US,-152375
2015-09-08,NL,GB,0
2015-09-08,GB,NL,0
2015-09-08,NL,US,-8187
2015-09-08,US,NL,8187
2015-09-09,US,GB,12000
2015-09-09,GB,US,-12000
2015-09-09,NL,GB,0
2015-09-09,GB,NL,0
2015-09-09,NL,US,-3349859
2015-09-09,US,NL,3349859
2015-09-10,US,GB,47875
2015-09-10,GB,US,-47875
2015-09-10,NL,GB,0
2015-09-10,GB,NL,0
2015-09-10,NL,US,-10500
2015-09-10,US,NL,10500
2015-09-11,US,GB,1000
2015-09-11,GB,US,-1000
2015-09-11,NL,GB,0
2015-09-11,GB,NL,0
2015-09-11,NL,US,5500
2015-09-11,US,NL,-5500
2015-09-14,US,GB,-500
2015-09-14,GB,US,500
2015-09-14,NL,GB,0
2015-09-14,GB,NL,0
2015-09-14,NL,US,-38000
2015-09-14,US,NL,38000
2015-09-15,US,GB,12500
2015-09-15,GB,US,-12500
2015-09-15,NL,GB,0
2015-09-15,GB,NL,0
2015-09-15,NL,US,40000
2015-09-15,US,NL,-40000
2015-09-16,US,GB,0
2015-09-16,GB,US,0
2015-09-16,NL,GB,0
2015-09-16,GB,NL,0
2015-09-16,NL,US,-12000
2015-09-16,US,NL,12000
2015-09-17,US,GB,4529383
2015-09-17,GB,US,-4529383
2015-09-17,NL,GB,0
2015-09-17,GB,NL,0
2015-09-17,NL,US,-41000
2015-09-17,US,NL,41000
2015-09-18,US,GB,5750
2015-09-18,GB,US,-5750
2015-09-18,NL,GB,0
2015-09-18,GB,NL,0
2015-09-18,NL,US,511560
2015-09-18,US,NL,-511560
2015-09-21,US,GB,87250
2015-09-21,GB,US,-87250
2015-09-21,NL,GB,500
2015-09-21,GB,NL,-500
2015-09-21,NL,US,-74689
2015-09-21,US,NL,74689
2015-09-22,US,GB,-2172056
2015-09-22,GB,US,2172056
2015-09-22,NL,GB,-500
2015-09-22,GB,NL,500
2015-09-22,NL,US,910830
2015-09-22,US,NL,-910830
2015-09-23,US,GB,-14000
2015-09-23,GB,US,14000
2015-09-23,NL,GB,47500
2015-09-23,GB,NL,-47500
2015-09-23,NL,US,8000
2015-09-23,US,NL,-8000
2015-09-24,US,GB,71125
2015-09-24,GB,US,-71125
2015-09-24,NL,GB,0
2015-09-24,GB,NL,0
2015-09-24,NL,US,-73063
2015-09-24,US,NL,73063
2015-09-25,US,GB,-582199
2015-09-25,GB,US,582199
2015-09-25,NL,GB,0
2015-09-25,GB,NL,0
2015-09-25,NL,US,63250
2015-09-25,US,NL,-63250
2015-09-28,US,GB,1000
2015-09-28,GB,US,-1000
2015-09-28,NL,GB,2000
2015-09-28,GB,NL,-2000
2015-09-28,NL,US,4250
2015-09-28,US,NL,-4250
2015-09-29,US,GB,-1495520
2015-09-29,GB,US,1495520
2015-09-29,NL,GB,875
2015-09-29,GB,NL,-875
2015-09-29,NL,US,1749350
2015-09-29,US,NL,-1749350
2015-09-30,US,GB,-9439
2015-09-30,GB,US,9439
2015-09-30,NL,GB,0
2015-09-30,GB,NL,0
2015-09-30,NL,US,3000
2015-09-30,US,NL,-3000
2015-10-01,US,GB,149500
2015-10-01,GB,US,-149500
2015-10-01,NL,GB,0
2015-10-01,GB,NL,0
2015-10-01,NL,US,17000
2015-10-01,US,NL,-17000
2015-10-02,US,GB,0
2015-10-02,GB,US,0
2015-10-02,NL,GB,21500
2015-10-02,GB,NL,-21500
2015-10-02,NL,US,311297
2015-10-02,US,NL,-311297
2015-10-05,US,GB,-238992
2015-10-05,GB,US,238992
2015-10-05,NL,GB,500
2015-10-05,GB,NL,-500
2015-10-05,NL,US,20500
2015-10-05,US,NL,-20500
2015-10-06,US,GB,-1935144
2015-10-06,GB,US,1935144
2015-10-06,NL,GB,0
2015-10-06,GB,NL,0
2015-10-06,NL,US,0
2015-10-06,US,NL,0
2015-10-07,US,GB,19750
2015-10-07,GB,US,-19750
2015-10-07,NL,GB,0
2015-10-07,GB,NL,0
2015-10-07,NL,US,-19532
2015-10-07,US,NL,19532
2015-10-08,US,GB,-21500
2015-10-08,GB,US,21500
2015-10-08,NL,GB,0
2015-10-08,GB,NL,0
2015-10-08,NL,US,-3844
2015-10-08,US,NL,3844
2015-10-09,US,GB,-4000
2015-10-09,GB,US,4000
2015-10-09,NL,GB,0
2015-10-09,GB,NL,0
2015-10-09,NL,US,19562
2015-10-09,US,NL,-19562
2015-10-12,US,GB,-455390
2015-10-12,GB,US,455390
2015-10-12,NL,GB,0
2015-10-12,GB,NL,0
2015-10-12,NL,US,-1766619
2015-10-12,US,NL,1766619
2015-10-13,US,GB,306501
2015-10-13,GB,US,-306501
2015-10-13,NL,GB,-27500
2015-10-13,GB,NL,27500
2015-10-13,NL,US,-356449
2015-10-13,US,NL,356449
2015-10-14,US,GB,3500
2015-10-14,GB,US,-3500
2015-10-14,NL,GB,1000
2015-10-14,GB,NL,-1000
2015-10-14,NL,US,11500
2015-10-14,US,NL,-11500
2015-10-15,US,GB,520296
2015-10-15,GB,US,-520296
2015-10-15,NL,GB,-1000
2015-10-15,GB,NL,1000
2015-10-15,NL,US,-515842
2015-10-15,US,NL,515842
2015-10-16,US,GB,31750
2015-10-16,GB,US,-31750
2015-10-16,NL,GB,0
2015-10-16,GB,NL,0
2015-10-16,NL,US,-8000
2015-10-16,US,NL,8000
2015-10-19,US,GB,31000
2015-10-19,GB,US,-31000
2015-10-19,NL,GB,-1500
2015-10-19,GB,NL,1500
2015-10-19,NL,US,-4411852
2015-10-19,US,NL,4411852
2015-10-20,US,GB,-19000
2015-10-20,GB,US,19000
2015-10-20,NL,GB,0
2015-10-20,GB,NL,0
2015-10-20,NL,US,-500
2015-10-20,US,NL,500
2015-10-21,US,GB,106125
2015-10-21,GB,US,-106125
2015-10-21,NL,GB,0
2015-10-21,GB,NL,0
2015-10-21,NL,US,-15000
2015-10-21,US,NL,15000
2015-10-22,US,GB,200306
2015-10-22,GB,US,-200306
2015-10-22,NL,GB,0
2015-10-22,GB,NL,0
2015-10-22,NL,US,-32000
2015-10-22,US,NL,32000
2015-10-23,US,GB,0
2015-10-23,GB,US,0
2015-10-23,NL,GB,0
2015-10-23,GB,NL,0
2015-10-23,NL,US,566974
2015-10-23,US,NL,-566974
2015-10-26,US,GB,42250
2015-10-26,GB,US,-42250
2015-10-26,NL,GB,0
2015-10-26,GB,NL,0
2015-10-26,NL,US,-1304513
2015-10-26,US,NL,1304513
2015-10-27,US,GB,-1776181
2015-10-27,GB,US,1776181
2015-10-27,NL,GB,0
2015-10-27,GB,NL,0
2015-10-27,NL,US,16000
2015-10-27,US,NL,-16000
2015-10-28,US,GB,14625
2015-10-28,GB,US,-14625
2015-10-28,NL,GB,0
2015-10-28,GB,NL,0
2015-10-28,NL,US,36250
2015-10-28,US,NL,-36250
2015-10-29,US,GB,-630991
2015-10-29,GB,US,630991
2015-10-29,NL,GB,0
2015-10-29,GB,NL,0
2015-10-29,NL,US,-8000
2015-10-29,US,NL,8000
2015-10-30,US,GB,-51656
2015-10-30,GB,US,51656
2015-10-30,NL,GB,-1
2015-10-30,GB,NL,1
2015-10-30,NL,US,500
2015-10-30,US,NL,-500
2015-11-02,US,GB,-20000
2015-11-02,GB,US,20000
2015-11-02,NL,GB,0
2015-11-02,GB,NL,0
2015-11-02,NL,US,-224430
2015-11-02,US,NL,224430
2015-11-03,US,GB,10736134
2015-11-03,GB,US,-10736134
2015-11-03,NL,GB,0
2015-11-03,GB,NL,0
2015-11-03,NL,US,-892980
2015-11-03,US,NL,892980
2015-11-04,US,GB,0
2015-11-04,GB,US,0
2015-11-04,NL,GB,0
2015-11-04,GB,NL,0
2015-11-04,NL,US,1250
2015-11-04,US,NL,-1250
2015-11-05,US,GB,110500
2015-11-05,GB,US,-110500
2015-11-05,NL,GB,1
2015-11-05,GB,NL,-1
2015-11-05,NL,US,-63750
2015-11-05,US,NL,63750
2015-11-06,US,GB,3000
2015-11-06,GB,US,-3000
2015-11-06,NL,GB,0
2015-11-06,GB,NL,0
2015-11-06,NL,US,-3500
2015-11-06,US,NL,3500
2015-11-09,US,GB,-7500
2015-11-09,GB,US,7500
2015-11-09,NL,GB,0
2015-11-09,GB,NL,0
2015-11-09,NL,US,7500
2015-11-09,US,NL,-7500
2015-11-10,US,GB,873782
2015-11-10,GB,US,-873782
2015-11-10,NL,GB,0
2015-11-10,GB,NL,0
2015-11-10,NL,US,-865456
2015-11-10,US,NL,865456
2015-11-11,US,GB,27375
2015-11-11,GB,US,-27375
2015-11-11,NL,GB,0
2015-11-11,GB,NL,0
2015-11-11,NL,US,25000
2015-11-11,US,NL,-25000
2015-11-12,US,GB,-2000
2015-11-12,GB,US,2000
2015-11-12,NL,GB,0
2015-11-12,GB,NL,0
2015-11-12,NL,US,-47000
2015-11-12,US,NL,47000
2015-11-13,US,GB,27810
2015-11-13,GB,US,-27810
2015-11-13,NL,GB,0
2015-11-13,GB,NL,0
2015-11-13,NL,US,-1390471
2015-11-13,US,NL,1390471
2015-11-16,US,GB,-4161229
2015-11-16,GB,US,4161229
2015-11-16,NL,GB,0
2015-11-16,GB,NL,0
2015-11-16,NL,US,1995934
2015-11-16,US,NL,-1995934
2015-11-17,US,GB,46500
2015-11-17,GB,US,-46500
2015-11-17,NL,GB,500
2015-11-17,GB,NL,-500
2015-11-17,NL,US,10875
2015-11-17,US,NL,-10875
2015-11-18,US,GB,0
2015-11-18,GB,US,0
2015-11-18,NL,GB,0
2015-11-18,GB,NL,0
2015-11-18,NL,US,-1673195
2015-11-18,US,NL,1673195
2015-11-19,US,GB,-49000
2015-11-19,GB,US,49000
2015-11-19,NL,GB,-32
2015-11-19,GB,NL,32
2015-11-19,NL,US,-1500
2015-11-19,US,NL,1500
2015-11-20,US,GB,12500
2015-11-20,GB,US,-12500
2015-11-20,NL,GB,0
2015-11-20,GB,NL,0
2015-11-20,NL,US,-3664349
2015-11-20,US,NL,3664349
2015-11-23,US,GB,-25000
2015-11-23,GB,US,25000
2015-11-23,NL,GB,0
2015-11-23,GB,NL,0
2015-11-23,NL,US,-14000
2015-11-23,US,NL,14000
2015-11-24,US,GB,470588
2015-11-24,GB,US,-470588
2015-11-24,NL,GB,0
2015-11-24,GB,NL,0
2015-11-24,NL,US,-318152
2015-11-24,US,NL,318152
2015-11-25,US,GB,88163
2015-11-25,GB,US,-88163
2015-11-25,NL,GB,0
2015-11-25,GB,NL,0
2015-11-25,NL,US,-186310
2015-11-25,US,NL,186310
2015-11-27,US,GB,7000
2015-11-27,GB,US,-7000
2015-11-27,NL,GB,0
2015-11-27,GB,NL,0
2015-11-27,NL,US,19000
2015-11-27,US,NL,-19000
2015-11-30,US,GB,-40000
2015-11-30,GB,US,40000
2015-11-30,NL,GB,500
2015-11-30,GB,NL,-500
2015-11-30,NL,US,-609351
2015-11-30,US,NL,609351
2015-12-01,US,GB,0
2015-12-01,GB,US,0
2015-12-01,NL,GB,1
2015-12-01,GB,NL,-1
2015-12-01,NL,US,0
2015-12-01,US,NL,0
2015-12-02,US,GB,0
2015-12-02,GB,US,0
2015-12-02,NL,GB,250
2015-12-02,GB,NL,-250
2015-12-02,NL,US,0
2015-12-02,US,NL,0
2015-12-03,US,GB,0
2015-12-03,GB,US,0
2015-12-03,NL,GB,0
2015-12-03,GB,NL,0
2015-12-03,NL,US,375
2015-12-03,US,NL,-375
2015-12-04,US,GB,0
2015-12-04,GB,US,0
2015-12-04,NL,GB,3500
2015-12-04,GB,NL,-3500
2015-12-04,NL,US,125
2015-12-04,US,NL,-125
2015-12-07,US,GB,0
2015-12-07,GB,US,0
2015-12-07,NL,GB,0
2015-12-07,GB,NL,0
2015-12-07,NL,US,0
2015-12-07,US,NL,0
2015-12-08,US,GB,0
2015-12-08,GB,US,0
2015-12-08,NL,GB,-32
2015-12-08,GB,NL,32
2015-12-08,NL,US,0
2015-12-08,US,NL,0
2015-12-09,US,GB,0
2015-12-09,GB,US,0
2015-12-09,NL,GB,0
2015-12-09,GB,NL,0
2015-12-09,NL,US,0
2015-12-09,US,NL,0
2015-12-10,US,GB,-125
2015-12-10,GB,US,125
2015-12-10,NL,GB,0
2015-12-10,GB,NL,0
2015-12-10,NL,US,0
2015-12-10,US,NL,0
2015-12-11,US,GB,-500
2015-12-11,GB,US,500
2015-12-11,NL,GB,0
2015-12-11,GB,NL,0
2015-12-11,NL,US,5500
2015-12-11,US,NL,-5500
2015-12-14,US,GB,-187
2015-12-14,GB,US,187
2015-12-14,NL,GB,0
2015-12-14,GB,NL,0
2015-12-14,NL,US,375
2015-12-14,US,NL,-375
2015-12-15,US,GB,500
2015-12-15,GB,US,-500
2015-12-15,NL,GB,0
2015-12-15,GB,NL,0
2015-12-15,NL,US,63
2015-12-15,US,NL,-63
2015-12-16,US,GB,0
2015-12-16,GB,US,0
2015-12-16,NL,GB,0
2015-12-16,GB,NL,0
2015-12-16,NL,US,125
2015-12-16,US,NL,-125
2015-12-17,US,GB,0
2015-12-17,GB,US,0
2015-12-17,NL,GB,0
2015-12-17,GB,NL,0
2015-12-17,NL,US,750
2015-12-17,US,NL,-750
2015-12-18,US,GB,0
2015-12-18,GB,US,0
2015-12-18,NL,GB,1500
2015-12-18,GB,NL,-1500
2015-12-18,NL,US,0
2015-12-18,US,NL,0
2015-12-21,US,GB,1000
2015-12-21,GB,US,-1000
2015-12-21,NL,GB,-250
2015-12-21,GB,NL,250
2015-12-21,NL,US,3189
2015-12-21,US,NL,-3189
2015-12-22,US,GB,0
2015-12-22,GB,US,0
2015-12-22,NL,GB,0
2015-12-22,GB,NL,0
2015-12-22,NL,US,0
2015-12-22,US,NL,0
2015-12-23,US,GB,0
2015-12-23,GB,US,0
2015-12-23,NL,GB,1
2015-12-23,GB,NL,-1
2015-12-23,NL,US,125
2015-12-23,US,NL,-125
2015-12-24,US,GB,-17472400
2015-12-24,GB,US,17472400
2015-12-24,NL,GB,32000
2015-12-24,GB,NL,-32000
2015-12-24,NL,US,-17472400
2015-12-24,US,NL,17472400
2015-12-29,US,GB,0
2015-12-29,GB,US,0
2015-12-29,NL,GB,0
2015-12-29,GB,NL,0
2015-12-29,NL,US,0
2015-12-29,US,NL,0
2015-12-30,US,GB,-125
2015-12-30,GB,US,125
2015-12-30,NL,GB,1500
2015-12-30,GB,NL,-1500
2015-12-30,NL,US,1500
2015-12-30,US,NL,-1500
2015-12-31,US,GB,-17472400
2015-12-31,GB,US,17472400
2015-12-31,NL,GB,0
2015-12-31,GB,NL,0
2015-12-31,NL,US,-17472400
2015-12-31,US,NL,17472400
2016-01-04,US,GB,1000
2016-01-04,GB,US,-1000
2016-01-04,NL,GB,0
2016-01-04,GB,NL,0
2016-01-04,NL,US,0
2016-01-04,US,NL,0
2016-01-05,US,GB,0
2016-01-05,GB,US,0
2016-01-05,NL,GB,0
2016-01-05,GB,NL,0
2016-01-05,NL,US,250
2016-01-05,US,NL,-250
2016-01-06,US,GB,-500
2016-01-06,GB,US,500
2016-01-06,NL,GB,-32
2016-01-06,GB,NL,32
2016-01-06,NL,US,500
2016-01-06,US,NL,-500
2016-01-07,US,GB,0
2016-01-07,GB,US,0
2016-01-07,NL,GB,0
2016-01-07,GB,NL,0
2016-01-07,NL,US,0
2016-01-07,US,NL,0
2016-01-08,US,GB,-94
2016-01-08,GB,US,94
2016-01-08,NL,GB,0
2016-01-08,GB,NL,0
2016-01-08,NL,US,0
2016-01-08,US,NL,0
2016-01-11,US,GB,0
2016-01-11,GB,US,0
2016-01-11,NL,GB,0
2016-01-11,GB,NL,0
2016-01-11,NL,US,0
2016-01-11,US,NL,0
2016-01-12,US,GB,-92
2016-01-12,GB,US,92
2016-01-12,NL,GB,250
2016-01-12,GB,NL,-250
2016-01-12,NL,US,125
2016-01-12,US,NL,-125
2016-01-13,US,GB,0
2016-01-13,GB,US,0
2016-01-13,NL,GB,0
2016-01-13,GB,NL,0
2016-01-13,NL,US,250
2016-01-13,US,NL,-250
2016-01-14,US,GB,0
2016-01-14,GB,US,0
2016-01-14,NL,GB,0
2016-01-14,GB,NL,0
2016-01-14,NL,US,0
2016-01-14,US,NL,0
2016-01-15,US,GB,1297
2016-01-15,GB,US,-1297
2016-01-15,NL,GB,1000
2016-01-15,GB,NL,-1000
2016-01-15,NL,US,0
2016-01-15,US,NL,0
2016-01-19,US,GB,-1500
2016-01-19,GB,US,1500
2016-01-19,NL,GB,-1500
2016-01-19,GB,NL,1500
2016-01-19,NL,US,0
2016-01-19,US,NL,0
2016-01-20,US,GB,0
2016-01-20,GB,US,0
2016-01-20,NL,GB,0
2016-01-20,GB,NL,0
2016-01-20,NL,US,125
2016-01-20,US,NL,-125
2016-01-21,US,GB,-500
2016-01-21,GB,US,500
2016-01-21,NL,GB,0
2016-01-21,GB,NL,0
2016-01-21,NL,US,250
2016-01-21,US,NL,-250
2016-01-22,US,GB,0
2016-01-22,GB,US,0
2016-01-22,NL,GB,-250
2016-01-22,GB,NL,250
2016-01-22,NL,US,0
2016-01-22,US,NL,0
2016-01-25,US,GB,0
2016-01-25,GB,US,0
2016-01-25,NL,GB,0
2016-01-25,GB,NL,0
2016-01-25,NL,US,0
2016-01-25,US,NL,0
2016-01-26,US,GB,0
2016-01-26,GB,US,0
2016-01-26,NL,GB,0
2016-01-26,GB,NL,0
2016-01-26,NL,US,0
2016-01-26,US,NL,0
2016-01-27,US,GB,-1000
2016-01-27,GB,US,1000
2016-01-27,NL,GB,0
2016-01-27,GB,NL,0
2016-01-27,NL,US,0
2016-01-27,US,NL,0
2016-01-28,US,GB,0
2016-01-28,GB,US,0
2016-01-28,NL,GB,0
2016-01-28,GB,NL,0
2016-01-28,NL,US,0
2016-01-28,US,NL,0
2016-01-29,US,GB,0
2016-01-29,GB,US,0
2016-01-29,NL,GB,0
2016-01-29,GB,NL,0
2016-01-29,NL,US,0
2016-01-29,US,NL,0
2016-02-01,US,GB,329
2016-02-01,GB,US,-329
2016-02-01,NL,GB,0
2016-02-01,GB,NL,0
2016-02-01,NL,US,0
2016-02-01,US,NL,0
2016-02-02,US,GB,0
2016-02-02,GB,US,0
2016-02-02,NL,GB,0
2016-02-02,GB,NL,0
2016-02-02,NL,US,0
2016-02-02,US,NL,0
2016-02-03,US,GB,500
2016-02-03,GB,US,-500
2016-02-03,NL,GB,0
2016-02-03,GB,NL,0
2016-02-03,NL,US,-1000
2016-02-03,US,NL,1000
2016-02-04,US,GB,0
2016-02-04,GB,US,0
2016-02-04,NL,GB,32
2016-02-04,GB,NL,-32
2016-02-04,NL,US,0
2016-02-04,US,NL,0
2016-02-05,US,GB,0
2016-02-05,GB,US,0
2016-02-05,NL,GB,500
2016-02-05,GB,NL,-500
2016-02-05,NL,US,0
2016-02-05,US,NL,0
2016-02-08,US,GB,0
2016-02-08,GB,US,0
2016-02-08,NL,GB,1
2016-02-08,GB,NL,-1
2016-02-08,NL,US,0
2016-02-08,US,NL,0
2016-02-09,US,GB,0
2016-02-09,GB,US,0
2016-02-09,NL,GB,0
2016-02-09,GB,NL,0
2016-02-09,NL,US,0
2016-02-09,US,NL,0
2016-02-10,US,GB,-500
2016-02-10,GB,US,500
2016-02-10,NL,GB,0
2016-02-10,GB,NL,0
2016-02-10,NL,US,0
2016-02-10,US,NL,0
2016-02-11,US,GB,0
2016-02-11,GB,US,0
2016-02-11,NL,GB,0
2016-02-11,GB,NL,0
2016-02-11,NL,US,0
2016-02-11,US,NL,0
2016-02-12,US,GB,0
2016-02-12,GB,US,0
2016-02-12,NL,GB,0
2016-02-12,GB,NL,0
2016-02-12,NL,US,0
2016-02-12,US,NL,0
2016-02-16,US,GB,-125
2016-02-16,GB,US,125
2016-02-16,NL,GB,0
2016-02-16,GB,NL,0
2016-02-16,NL,US,0
2016-02-16,US,NL,0
2016-02-17,US,GB,-1500
2016-02-17,GB,US,1500
2016-02-17,NL,GB,0
2016-02-17,GB,NL,0
2016-02-17,NL,US,750
2016-02-17,US,NL,-750
2016-02-18,US,GB,-1000
2016-02-18,GB,US,1000
2016-02-18,NL,GB,0
2016-02-18,GB,NL,0
2016-02-18,NL,US,1000
2016-02-18,US,NL,-1000
2016-02-19,US,GB,2000
2016-02-19,GB,US,-2000
2016-02-19,NL,GB,1000
2016-02-19,GB,NL,-1000
2016-02-19,NL,US,0
2016-02-19,US,NL,0
2016-02-22,US,GB,-1250
2016-02-22,GB,US,1250
2016-02-22,NL,GB,0
2016-02-22,GB,NL,0
2016-02-22,NL,US,1000
2016-02-22,US,NL,-1000
2016-02-23,US,GB,0
2016-02-23,GB,US,0
2016-02-23,NL,GB,0
2016-02-23,GB,NL,0
2016-02-23,NL,US,1000
2016-02-23,US,NL,-1000
2016-02-24,US,GB,0
2016-02-24,GB,US,0
2016-02-24,NL,GB,-250
2016-02-24,GB,NL,250
2016-02-24,NL,US,250
2016-02-24,US,NL,-250
2016-02-25,US,GB,-500
2016-02-25,GB,US,500
2016-02-25,NL,GB,0
2016-02-25,GB,NL,0
2016-02-25,NL,US,0
2016-02-25,US,NL,0
2016-02-26,US,GB,0
2016-02-26,GB,US,0
2016-02-26,NL,GB,1750
2016-02-26,GB,NL,-1750
2016-02-26,NL,US,0
2016-02-26,US,NL,0
2016-02-29,US,GB,-125
2016-02-29,GB,US,125
2016-02-29,NL,GB,1
2016-02-29,GB,NL,-1
2016-02-29,NL,US,437
2016-02-29,US,NL,-437
2016-03-01,US,GB,0
2016-03-01,GB,US,0
2016-03-01,NL,GB,0
2016-03-01,GB,NL,0
2016-03-01,NL,US,1000
2016-03-01,US,NL,-1000
2016-03-02,US,GB,0
2016-03-02,GB,US,0
2016-03-02,NL,GB,0
2016-03-02,GB,NL,0
2016-03-02,NL,US,500
2016-03-02,US,NL,-500
2016-03-03,US,GB,1000
2016-03-03,GB,US,-1000
2016-03-03,NL,GB,0
2016-03-03,GB,NL,0
2016-03-03,NL,US,0
2016-03-03,US,NL,0
2016-03-04,US,GB,1000
2016-03-04,GB,US,-1000
2016-03-04,NL,GB,0
2016-03-04,GB,NL,0
2016-03-04,NL,US,-1000
2016-03-04,US,NL,1000
2016-03-07,US,GB,0
2016-03-07,GB,US,0
2016-03-07,NL,GB,250
2016-03-07,GB,NL,-250
2016-03-07,NL,US,0
2016-03-07,US,NL,0
2016-03-08,US,GB,2000
2016-03-08,GB,US,-2000
2016-03-08,NL,GB,0
2016-03-08,GB,NL,0
2016-03-08,NL,US,0
2016-03-08,US,NL,0
2016-03-09,US,GB,-500
2016-03-09,GB,US,500
2016-03-09,NL,GB,0
2016-03-09,GB,NL,0
2016-03-09,NL,US,125
2016-03-09,US,NL,-125
2016-03-10,US,GB,-1500
2016-03-10,GB,US,1500
2016-03-10,NL,GB,0
2016-03-10,GB,NL,0
2016-03-10,NL,US,1000
2016-03-10,US,NL,-1000
2016-03-11,US,GB,3000
2016-03-11,GB,US,-3000
2016-03-11,NL,GB,-81
2016-03-11,GB,NL,81
2016-03-11,NL,US,0
2016-03-11,US,NL,0
2016-03-14,US,GB,0
2016-03-14,GB,US,0
2016-03-14,NL,GB,250
2016-03-14,GB,NL,-250
2016-03-14,NL,US,0
2016-03-14,US,NL,0
2016-03-15,US,GB,-250
2016-03-15,GB,US,250
2016-03-15,NL,GB,-13500
2016-03-15,GB,NL,13500
2016-03-15,NL,US,0
2016-03-15,US,NL,0
2016-03-16,US,GB,250
2016-03-16,GB,US,-250
2016-03-16,NL,GB,0
2016-03-16,GB,NL,0
2016-03-16,NL,US,0
2016-03-16,US,NL,0
2016-03-17,US,GB,-500
2016-03-17,GB,US,500
2016-03-17,NL,GB,9000
2016-03-17,GB,NL,-9000
2016-03-17,NL,US,750
2016-03-17,US,NL,-750
2016-03-18,US,GB,0
2016-03-18,GB,US,0
2016-03-18,NL,GB,1000
2016-03-18,GB,NL,-1000
2016-03-18,NL,US,0
2016-03-18,US,NL,0
2016-03-21,US,GB,0
2016-03-21,GB,US,0
2016-03-21,NL,GB,0
2016-03-21,GB,NL,0
2016-03-21,NL,US,0
2016-03-21,US,NL,0
2016-03-22,US,GB,0
2016-03-22,GB,US,0
2016-03-22,NL,GB,-2500
2016-03-22,GB,NL,2500
2016-03-22,NL,US,0
2016-03-22,US,NL,0
2016-03-23,US,GB,0
2016-03-23,GB,US,0
2016-03-23,NL,GB,125
2016-03-23,GB,NL,-125
2016-03-23,NL,US,363
2016-03-23,US,NL,-363
2016-03-24,US,GB,0
2016-03-24,GB,US,0
2016-03-24,NL,GB,0
2016-03-24,GB,NL,0
2016-03-24,NL,US,0
2016-03-24,US,NL,0
2016-03-29,US,GB,-1000
2016-03-29,GB,US,1000
2016-03-29,NL,GB,-125
2016-03-29,GB,NL,125
2016-03-29,NL,US,125
2016-03-29,US,NL,-125
2016-03-30,US,GB,0
2016-03-30,GB,US,0
2016-03-30,NL,GB,0
2016-03-30,GB,NL,0
2016-03-30,NL,US,750
2016-03-30,US,NL,-750
2016-03-31,US,GB,0
2016-03-31,GB,US,0
2016-03-31,NL,GB,1000
2016-03-31,GB,NL,-1000
2016-03-31,NL,US,0
2016-03-31,US,NL,0
2016-04-01,US,GB,0
2016-04-01,GB,US,0
2016-04-01,NL,GB,-3000
2016-04-01,GB,NL,3000
2016-04-01,NL,US,0
2016-04-01,US,NL,0
2016-04-04,US,GB,0
2016-04-04,GB,US,0
2016-04-04,NL,GB,0
2016-04-04,GB,NL,0
2016-04-04,NL,US,0
2016-04-04,US,NL,0
2016-04-05,US,GB,-1000
2016-04-05,GB,US,1000
2016-04-05,NL,GB,0
2016-04-05,GB,NL,0
2016-04-05,NL,US,1000
2016-04-05,US,NL,-1000
2016-04-06,US,GB,-125
2016-04-06,GB,US,125
2016-04-06,NL,GB,-26
2016-04-06,GB,NL,26
2016-04-06,NL,US,0
2016-04-06,US,NL,0
2016-04-07,US,GB,-500
2016-04-07,GB,US,500
2016-04-07,NL,GB,1500
2016-04-07,GB,NL,-1500
2016-04-07,NL,US,750
2016-04-07,US,NL,-750
2016-04-08,US,GB,0
2016-04-08,GB,US,0
2016-04-08,NL,GB,0
2016-04-08,GB,NL,0
2016-04-08,NL,US,0
2016-04-08,US,NL,0
2016-04-11,US,GB,375
2016-04-11,GB,US,-375
2016-04-11,NL,GB,0
2016-04-11,GB,NL,0
2016-04-11,NL,US,500
2016-04-11,US,NL,-500
2016-04-12,US,GB,-5000
2016-04-12,GB,US,5000
2016-04-12,NL,GB,0
2016-04-12,GB,NL,0
2016-04-12,NL,US,250
2016-04-12,US,NL,-250
2016-04-13,US,GB,-1000
2016-04-13,GB,US,1000
2016-04-13,NL,GB,0
2016-04-13,GB,NL,0
2016-04-13,NL,US,1000
2016-04-13,US,NL,-1000
2016-04-14,US,GB,0
2016-04-14,GB,US,0
2016-04-14,NL,GB,0
2016-04-14,GB,NL,0
2016-04-14,NL,US,0
2016-04-14,US,NL,0
2016-04-15,US,GB,0
2016-04-15,GB,US,0
2016-04-15,NL,GB,500
2016-04-15,GB,NL,-500
2016-04-15,NL,US,2000
2016-04-15,US,NL,-2000
2016-04-18,US,GB,0
2016-04-18,GB,US,0
2016-04-18,NL,GB,3500
2016-04-18,GB,NL,-3500
2016-04-18,NL,US,0
2016-04-18,US,NL,0
2016-04-19,US,GB,-61
2016-04-19,GB,US,61
2016-04-19,NL,GB,0
2016-04-19,GB,NL,0
2016-04-19,NL,US,0
2016-04-19,US,NL,0
2016-04-20,US,GB,0
2016-04-20,GB,US,0
2016-04-20,NL,GB,3500
2016-04-20,GB,NL,-3500
2016-04-20,NL,US,500
2016-04-20,US,NL,-500
2016-04-21,US,GB,1000
2016-04-21,GB,US,-1000
2016-04-21,NL,GB,0
2016-04-21,GB,NL,0
2016-04-21,NL,US,-1500
2016-04-21,US,NL,1500
2016-04-22,US,GB,0
2016-04-22,GB,US,0
2016-04-22,NL,GB,20500
2016-04-22,GB,NL,-20500
2016-04-22,NL,US,0
2016-04-22,US,NL,0
2016-04-25,US,GB,250
2016-04-25,GB,US,-250
2016-04-25,NL,GB,1000
2016-04-25,GB,NL,-1000
2016-04-25,NL,US,0
2016-04-25,US,NL,0
2016-04-26,US,GB,0
2016-04-26,GB,US,0
2016-04-26,NL,GB,0
2016-04-26,GB,NL,0
2016-04-26,NL,US,0
2016-04-26,US,NL,0
2016-04-27,US,GB,-1000
2016-04-27,GB,US,1000
2016-04-27,NL,GB,0
2016-04-27,GB,NL,0
2016-04-27,NL,US,0
2016-04-27,US,NL,0
2016-04-28,US,GB,-139
2016-04-28,GB,US,139
2016-04-28,NL,GB,0
2016-04-28,GB,NL,0
2016-04-28,NL,US,0
2016-04-28,US,NL,0
2016-04-29,US,GB,-4000
2016-04-29,GB,US,4000
2016-04-29,NL,GB,0
2016-04-29,GB,NL,0
2016-04-29,NL,US,0
2016-04-29,US,NL,0
2016-05-03,US,GB,2000
2016-05-03,GB,US,-2000
2016-05-03,NL,GB,-24500
2016-05-03,GB,NL,24500
2016-05-03,NL,US,500
2016-05-03,US,NL,-500
2016-05-04,US,GB,0
2016-05-04,GB,US,0
2016-05-04,NL,GB,0
2016-05-04,GB,NL,0
2016-05-04,NL,US,250
2016-05-04,US,NL,-250
2016-05-05,US,GB,0
2016-05-05,GB,US,0
2016-05-05,NL,GB,0
2016-05-05,GB,NL,0
2016-05-05,NL,US,0
2016-05-05,US,NL,0
2016-05-06,US,GB,0
2016-05-06,GB,US,0
2016-05-06,NL,GB,0
2016-05-06,GB,NL,0
2016-05-06,NL,US,0
2016-05-06,US,NL,0
2016-05-09,US,GB,0
2016-05-09,GB,US,0
2016-05-09,NL,GB,0
2016-05-09,GB,NL,0
2016-05-09,NL,US,500
2016-05-09,US,NL,-500
2016-05-10,US,GB,-94
2016-05-10,GB,US,94
2016-05-10,NL,GB,0
2016-05-10,GB,NL,0
2016-05-10,NL,US,0
2016-05-10,US,NL,0
2016-05-11,US,GB,0
2016-05-11,GB,US,0
2016-05-11,NL,GB,0
2016-05-11,GB,NL,0
2016-05-11,NL,US,0
2016-05-11,US,NL,0
2016-05-12,US,GB,0
2016-05-12,GB,US,0
2016-05-12,NL,GB,-13000
2016-05-12,GB,NL,13000
2016-05-12,NL,US,0
2016-05-12,US,NL,0
2016-05-13,US,GB,1750
2016-05-13,GB,US,-1750
2016-05-13,NL,GB,0
2016-05-13,GB,NL,0
2016-05-13,NL,US,0
2016-05-13,US,NL,0
2016-05-16,US,GB,0
2016-05-16,GB,US,0
2016-05-16,NL,GB,0
2016-05-16,GB,NL,0
2016-05-16,NL,US,0
2016-05-16,US,NL,0
2016-05-17,US,GB,-500
2016-05-17,GB,US,500
2016-05-17,NL,GB,0
2016-05-17,GB,NL,0
2016-05-17,NL,US,0
2016-05-17,US,NL,0
2016-05-18,US,GB,-4000
2016-05-18,GB,US,4000
2016-05-18,NL,GB,-2500
2016-05-18,GB,NL,2500
2016-05-18,NL,US,1000
2016-05-18,US,NL,-1000
2016-05-19,US,GB,0
2016-05-19,GB,US,0
2016-05-19,NL,GB,0
2016-05-19,GB,NL,0
2016-05-19,NL,US,0
2016-05-19,US,NL,0
2016-05-20,US,GB,0
2016-05-20,GB,US,0
2016-05-20,NL,GB,0
2016-05-20,GB,NL,0
2016-05-20,NL,US,1750
2016-05-20,US,NL,-1750
2016-05-23,US,GB,-250
2016-05-23,GB,US,250
2016-05-23,NL,GB,0
2016-05-23,GB,NL,0
2016-05-23,NL,US,375
2016-05-23,US,NL,-375
2016-05-24,US,GB,0
2016-05-24,GB,US,0
2016-05-24,NL,GB,5000
2016-05-24,GB,NL,-5000
2016-05-24,NL,US,0
2016-05-24,US,NL,0
2016-05-25,US,GB,0
2016-05-25,GB,US,0
2016-05-25,NL,GB,0
2016-05-25,GB,NL,0
2016-05-25,NL,US,0
2016-05-25,US,NL,0
2016-05-26,US,GB,0
2016-05-26,GB,US,0
2016-05-26,NL,GB,0
2016-05-26,GB,NL,0
2016-05-26,NL,US,111
2016-05-26,US,NL,-111
2016-05-27,US,GB,0
2016-05-27,GB,US,0
2016-05-27,NL,GB,0
2016-05-27,GB,NL,0
2016-05-27,NL,US,0
2016-05-27,US,NL,0
2016-05-31,US,GB,2000
2016-05-31,GB,US,-2000
2016-05-31,NL,GB,1375
2016-05-31,GB,NL,-1375
2016-05-31,NL,US,250
2016-05-31,US,NL,-250
2016-06-01,US,GB,-500
2016-06-01,GB,US,500
2016-06-01,NL,GB,-16000
2016-06-01,GB,NL,16000
2016-06-01,NL,US,0
2016-06-01,US,NL,0
2016-06-02,US,GB,-125
2016-06-02,GB,US,125
2016-06-02,NL,GB,375
2016-06-02,GB,NL,-375
2016-06-02,NL,US,0
2016-06-02,US,NL,0
2016-06-03,US,GB,917
2016-06-03,GB,US,-917
2016-06-03,NL,GB,0
2016-06-03,GB,NL,0
2016-06-03,NL,US,1000
2016-06-03,US,NL,-1000
2016-06-06,US,GB,-2500
2016-06-06,GB,US,2500
2016-06-06,NL,GB,0
2016-06-06,GB,NL,0
2016-06-06,NL,US,500
2016-06-06,US,NL,-500
2016-06-07,US,GB,8250
2016-06-07,GB,US,-8250
2016-06-07,NL,GB,0
2016-06-07,GB,NL,0
2016-06-07,NL,US,0
2016-06-07,US,NL,0
2016-06-08,US,GB,125
2016-06-08,GB,US,-125
2016-06-08,NL,GB,1000
2016-06-08,GB,NL,-1000
2016-06-08,NL,US,0
2016-06-08,US,NL,0
2016-06-09,US,GB,3000
2016-06-09,GB,US,-3000
2016-06-09,NL,GB,500
2016-06-09,GB,NL,-500
2016-06-09,NL,US,0
2016-06-09,US,NL,0
2016-06-10,US,GB,0
2016-06-10,GB,US,0
2016-06-10,NL,GB,3000
2016-06-10,GB,NL,-3000
2016-06-10,NL,US,0
2016-06-10,US,NL,0
2016-06-13,US,GB,500
2016-06-13,GB,US,-500
2016-06-13,NL,GB,0
2016-06-13,GB,NL,0
2016-06-13,NL,US,1000
2016-06-13,US,NL,-1000
2016-06-14,US,GB,12000
2016-06-14,GB,US,-12000
2016-06-14,NL,GB,0
2016-06-14,GB,NL,0
2016-06-14,NL,US,0
2016-06-14,US,NL,0
2016-06-15,US,GB,1000
2016-06-15,GB,US,-1000
2016-06-15,NL,GB,0
2016-06-15,GB,NL,0
2016-06-15,NL,US,-324
2016-06-15,US,NL,324
2016-06-16,US,GB,-9000
2016-06-16,GB,US,9000
2016-06-16,NL,GB,0
2016-06-16,GB,NL,0
2016-06-16,NL,US,1000
2016-06-16,US,NL,-1000
2016-06-17,US,GB,-500
2016-06-17,GB,US,500
2016-06-17,NL,GB,1
2016-06-17,GB,NL,-1
2016-06-17,NL,US,63
2016-06-17,US,NL,-63
2016-06-20,US,GB,7750
2016-06-20,GB,US,-7750
2016-06-20,NL,GB,125
2016-06-20,GB,NL,-125
2016-06-20,NL,US,0
2016-06-20,US,NL,0
2016-06-21,US,GB,0
2016-06-21,GB,US,0
2016-06-21,NL,GB,3000
2016-06-21,GB,NL,-3000
2016-06-21,NL,US,375
2016-06-21,US,NL,-375
2016-06-22,US,GB,0
2016-06-22,GB,US,0
2016-06-22,NL,GB,0
2016-06-22,GB,NL,0
2016-06-22,NL,US,0
2016-06-22,US,NL,0
2016-06-23,US,GB,-310236
2016-06-23,GB,US,310236
2016-06-23,NL,GB,0
2016-06-23,GB,NL,0
2016-06-23,NL,US,1437
2016-06-23,US,NL,-1437
2016-06-24,US,GB,500
2016-06-24,GB,US,-500
2016-06-24,NL,GB,-125
2016-06-24,GB,NL,125
2016-06-24,NL,US,0
2016-06-24,US,NL,0
2016-06-27,US,GB,0
2016-06-27,GB,US,0
2016-06-27,NL,GB,-250
2016-06-27,GB,NL,250
2016-06-27,NL,US,94
2016-06-27,US,NL,-94
2016-06-28,US,GB,0
2016-06-28,GB,US,0
2016-06-28,NL,GB,1000
2016-06-28,GB,NL,-1000
2016-06-28,NL,US,0
2016-06-28,US,NL,0
2016-06-29,US,GB,1000
2016-06-29,GB,US,-1000
2016-06-29,NL,GB,-1500
2016-06-29,GB,NL,1500
2016-06-29,NL,US,0
2016-06-29,US,NL,0
2016-06-30,US,GB,0
2016-06-30,GB,US,0
2016-06-30,NL,GB,-5500
2016-06-30,GB,NL,5500
2016-06-30,NL,US,0
2016-06-30,US,NL,0
2016-07-01,US,GB,0
2016-07-01,GB,US,0
2016-07-01,NL,GB,0
2016-07-01,GB,NL,0
2016-07-01,NL,US,0
2016-07-01,US,NL,0
2016-07-05,US,GB,-1750
2016-07-05,GB,US,1750
2016-07-05,NL,GB,0
2016-07-05,GB,NL,0
2016-07-05,NL,US,18000
2016-07-05,US,NL,-18000
2016-07-06,US,GB,4500
2016-07-06,GB,US,-4500
2016-07-06,NL,GB,-1750
2016-07-06,GB,NL,1750
2016-07-06,NL,US,-375
2016-07-06,US,NL,375
2016-07-07,US,GB,23000
2016-07-07,GB,US,-23000
2016-07-07,NL,GB,9000
2016-07-07,GB,NL,-9000
2016-07-07,NL,US,0
2016-07-07,US,NL,0
2016-07-08,US,GB,500
2016-07-08,GB,US,-500
2016-07-08,NL,GB,500
2016-07-08,GB,NL,-500
2016-07-08,NL,US,0
2016-07-08,US,NL,0
2016-07-11,US,GB,-10000
2016-07-11,GB,US,10000
2016-07-11,NL,GB,500
2016-07-11,GB,NL,-500
2016-07-11,NL,US,0
2016-07-11,US,NL,0
2016-07-12,US,GB,6000
2016-07-12,GB,US,-6000
2016-07-12,NL,GB,316
2016-07-12,GB,NL,-316
2016-07-12,NL,US,1000
2016-07-12,US,NL,-1000
2016-07-13,US,GB,-125
2016-07-13,GB,US,125
2016-07-13,NL,GB,0
2016-07-13,GB,NL,0
2016-07-13,NL,US,500
2016-07-13,US,NL,-500
2016-07-14,US,GB,-17472400
2016-07-14,GB,US,17472400
2016-07-14,NL,GB,-17472400
2016-07-14,GB,NL,17472400
2016-07-14,NL,US,-17472400
2016-07-14,US,NL,17472400
2016-07-15,US,GB,-500
2016-07-15,GB,US,500
2016-07-15,NL,GB,180
2016-07-15,GB,NL,-180
2016-07-15,NL,US,1000
2016-07-15,US,NL,-1000
2016-07-18,US,GB,3000
2016-07-18,GB,US,-3000
2016-07-18,NL,GB,-1250
2016-07-18,GB,NL,1250
2016-07-18,NL,US,-500
2016-07-18,US,NL,500
2016-07-19,US,GB,1000
2016-07-19,GB,US,-1000
2016-07-19,NL,GB,0
2016-07-19,GB,NL,0
2016-07-19,NL,US,0
2016-07-19,US,NL,0
2016-07-20,US,GB,12000
2016-07-20,GB,US,-12000
2016-07-20,NL,GB,2000
2016-07-20,GB,NL,-2000
2016-07-20,NL,US,0
2016-07-20,US,NL,0
2016-07-21,US,GB,-250
2016-07-21,GB,US,250
2016-07-21,NL,GB,0
2016-07-21,GB,NL,0
2016-07-21,NL,US,500
2016-07-21,US,NL,-500
2016-07-22,US,GB,763
2016-07-22,GB,US,-763
2016-07-22,NL,GB,-8000
2016-07-22,GB,NL,8000
2016-07-22,NL,US,-1250
2016-07-22,US,NL,1250
2016-07-25,US,GB,-500
2016-07-25,GB,US,500
2016-07-25,NL,GB,0
2016-07-25,GB,NL,0
2016-07-25,NL,US,0
2016-07-25,US,NL,0
2016-07-26,US,GB,-4000
2016-07-26,GB,US,4000
2016-07-26,NL,GB,0
2016-07-26,GB,NL,0
2016-07-26,NL,US,187
2016-07-26,US,NL,-187
2016-07-27,US,GB,-2500
2016-07-27,GB,US,2500
2016-07-27,NL,GB,-1000
2016-07-27,GB,NL,1000
2016-07-27,NL,US,1000
2016-07-27,US,NL,-1000
2016-07-28,US,GB,-500
2016-07-28,GB,US,500
2016-07-28,NL,GB,250
2016-07-28,GB,NL,-250
2016-07-28,NL,US,0
2016-07-28,US,NL,0
2016-07-29,US,GB,0
2016-07-29,GB,US,0
2016-07-29,NL,GB,500
2016-07-29,GB,NL,-500
2016-07-29,NL,US,1000
2016-07-29,US,NL,-1000
2016-08-01,US,GB,0
2016-08-01,GB,US,0
2016-08-01,NL,GB,0
2016-08-01,GB,NL,0
2016-08-01,NL,US,183
2016-08-01,US,NL,-183
2016-08-02,US,GB,0
2016-08-02,GB,US,0
2016-08-02,NL,GB,0
2016-08-02,GB,NL,0
2016-08-02,NL,US,0
2016-08-02,US,NL,0
2016-08-03,US,GB,0
2016-08-03,GB,US,0
2016-08-03,NL,GB,0
2016-08-03,GB,NL,0
2016-08-03,NL,US,0
2016-08-03,US,NL,0
2016-08-04,US,GB,0
2016-08-04,GB,US,0
2016-08-04,NL,GB,2686
2016-08-04,GB,NL,-2686
2016-08-04,NL,US,0
2016-08-04,US,NL,0
2016-08-05,US,GB,250
2016-08-05,GB,US,-250
2016-08-05,NL,GB,250
2016-08-05,GB,NL,-250
2016-08-05,NL,US,2500
2016-08-05,US,NL,-2500
2016-08-08,US,GB,-500
2016-08-08,GB,US,500
2016-08-08,NL,GB,0
2016-08-08,GB,NL,0
2016-08-08,NL,US,0
2016-08-08,US,NL,0
2016-08-09,US,GB,-1500
2016-08-09,GB,US,1500
2016-08-09,NL,GB,500
2016-08-09,GB,NL,-500
2016-08-09,NL,US,500
2016-08-09,US,NL,-500
2016-08-10,US,GB,-125
2016-08-10,GB,US,125
2016-08-10,NL,GB,500
2016-08-10,GB,NL,-500
2016-08-10,NL,US,125
2016-08-10,US,NL,-125
2016-08-11,US,GB,0
2016-08-11,GB,US,0
2016-08-11,NL,GB,-125
2016-08-11,GB,NL,125
2016-08-11,NL,US,250
2016-08-11,US,NL,-250
2016-08-12,US,GB,250
2016-08-12,GB,US,-250
2016-08-12,NL,GB,0
2016-08-12,GB,NL,0
2016-08-12,NL,US,0
2016-08-12,US,NL,0
2016-08-15,US,GB,0
2016-08-15,GB,US,0
2016-08-15,NL,GB,34469
2016-08-15,GB,NL,-34469
2016-08-15,NL,US,0
2016-08-15,US,NL,0
2016-08-16,US,GB,500
2016-08-16,GB,US,-500
2016-08-16,NL,GB,0
2016-08-16,GB,NL,0
2016-08-16,NL,US,0
2016-08-16,US,NL,0
2016-08-17,US,GB,500
2016-08-17,GB,US,-500
2016-08-17,NL,GB,-500
2016-08-17,GB,NL,500
2016-08-17,NL,US,0
2016-08-17,US,NL,0
2016-08-18,US,GB,0
2016-08-18,GB,US,0
2016-08-18,NL,GB,500
2016-08-18,GB,NL,-500
2016-08-18,NL,US,0
2016-08-18,US,NL,0
2016-08-19,US,GB,15500
2016-08-19,GB,US,-15500
2016-08-19,NL,GB,2000
2016-08-19,GB,NL,-2000
2016-08-19,NL,US,1375
2016-08-19,US,NL,-1375
2016-08-22,US,GB,0
2016-08-22,GB,US,0
2016-08-22,NL,GB,0
2016-08-22,GB,NL,0
2016-08-22,NL,US,125
2016-08-22,US,NL,-125
2016-08-23,US,GB,0
2016-08-23,GB,US,0
2016-08-23,NL,GB,0
2016-08-23,GB,NL,0
2016-08-23,NL,US,0
2016-08-23,US,NL,0
2016-08-24,US,GB,-1000
2016-08-24,GB,US,1000
2016-08-24,NL,GB,0
2016-08-24,GB,NL,0
2016-08-24,NL,US,0
2016-08-24,US,NL,0
2016-08-25,US,GB,0
2016-08-25,GB,US,0
2016-08-25,NL,GB,0
2016-08-25,GB,NL,0
2016-08-25,NL,US,0
2016-08-25,US,NL,0
2016-08-26,US,GB,-1000
2016-08-26,GB,US,1000
2016-08-26,NL,GB,-250
2016-08-26,GB,NL,250
2016-08-26,NL,US,0
2016-08-26,US,NL,0
2016-08-30,US,GB,-750
2016-08-30,GB,US,750
2016-08-30,NL,GB,63
2016-08-30,GB,NL,-63
2016-08-30,NL,US,0
2016-08-30,US,NL,0
2016-08-31,US,GB,-1000
2016-08-31,GB,US,1000
2016-08-31,NL,GB,-750
2016-08-31,GB,NL,750
2016-08-31,NL,US,0
2016-08-31,US,NL,0
2016-09-01,US,GB,750
2016-09-01,GB,US,-750
2016-09-01,NL,GB,0
2016-09-01,GB,NL,0
2016-09-01,NL,US,1500
2016-09-01,US,NL,-1500
2016-09-02,US,GB,-500
2016-09-02,GB,US,500
2016-09-02,NL,GB,-500
2016-09-02,GB,NL,500
2016-09-02,NL,US,0
2016-09-02,US,NL,0
2016-09-06,US,GB,7750
2016-09-06,GB,US,-7750
2016-09-06,NL,GB,0
2016-09-06,GB,NL,0
2016-09-06,NL,US,500
2016-09-06,US,NL,-500
2016-09-07,US,GB,0
2016-09-07,GB,US,0
2016-09-07,NL,GB,0
2016-09-07,GB,NL,0
2016-09-07,NL,US,0
2016-09-07,US,NL,0
2016-09-08,US,GB,1788
2016-09-08,GB,US,-1788
2016-09-08,NL,GB,0
2016-09-08,GB,NL,0
2016-09-08,NL,US,0
2016-09-08,US,NL,0
2016-09-09,US,GB,313
2016-09-09,GB,US,-313
2016-09-09,NL,GB,0
2016-09-09,GB,NL,0
2016-09-09,NL,US,0
2016-09-09,US,NL,0
2016-09-12,US,GB,-156
2016-09-12,GB,US,156
2016-09-12,NL,GB,3000
2016-09-12,GB,NL,-3000
2016-09-12,NL,US,218
2016-09-12,US,NL,-218
2016-09-13,US,GB,0
2016-09-13,GB,US,0
2016-09-13,NL,GB,0
2016-09-13,GB,NL,0
2016-09-13,NL,US,0
2016-09-13,US,NL,0
2016-09-14,US,GB,-63
2016-09-14,GB,US,63
2016-09-14,NL,GB,0
2016-09-14,GB,NL,0
2016-09-14,NL,US,0
2016-09-14,US,NL,0
2016-09-15,US,GB,0
2016-09-15,GB,US,0
2016-09-15,NL,GB,0
2016-09-15,GB,NL,0
2016-09-15,NL,US,0
2016-09-15,US,NL,0
2016-09-16,US,GB,0
2016-09-16,GB,US,0
2016-09-16,NL,GB,1000
2016-09-16,GB,NL,-1000
2016-09-16,NL,US,0
2016-09-16,US,NL,0
2016-09-19,US,GB,0
2016-09-19,GB,US,0
2016-09-19,NL,GB,0
2016-09-19,GB,NL,0
2016-09-19,NL,US,0
2016-09-19,US,NL,0
2016-09-20,US,GB,0
2016-09-20,GB,US,0
2016-09-20,NL,GB,0
2016-09-20,GB,NL,0
2016-09-20,NL,US,0
2016-09-20,US,NL,0
2016-09-21,US,GB,0
2016-09-21,GB,US,0
2016-09-21,NL,GB,0
2016-09-21,GB,NL,0
2016-09-21,NL,US,0
2016-09-21,US,NL,0
2016-09-22,US,GB,-1000
2016-09-22,GB,US,1000
2016-09-22,NL,GB,0
2016-09-22,GB,NL,0
2016-09-22,NL,US,0
2016-09-22,US,NL,0
2016-09-23,US,GB,-4250
2016-09-23,GB,US,4250
2016-09-23,NL,GB,-500
2016-09-23,GB,NL,500
2016-09-23,NL,US,0
2016-09-23,US,NL,0
2016-09-26,US,GB,0
2016-09-26,GB,US,0
2016-09-26,NL,GB,0
2016-09-26,GB,NL,0
2016-09-26,NL,US,125
2016-09-26,US,NL,-125
2016-09-27,US,GB,0
2016-09-27,GB,US,0
2016-09-27,NL,GB,0
2016-09-27,GB,NL,0
2016-09-27,NL,US,500
2016-09-27,US,NL,-500
2016-09-28,US,GB,0
2016-09-28,GB,US,0
2016-09-28,NL,GB,0
2016-09-28,GB,NL,0
2016-09-28,NL,US,0
2016-09-28,US,NL,0
2016-09-29,US,GB,-1000
2016-09-29,GB,US,1000
2016-09-29,NL,GB,-313
2016-09-29,GB,NL,313
2016-09-29,NL,US,0
2016-09-29,US,NL,0
2016-09-30,US,GB,-1500
2016-09-30,GB,US,1500
2016-09-30,NL,GB,1000
2016-09-30,GB,NL,-1000
2016-09-30,NL,US,-750
2016-09-30,US,NL,750
2016-10-03,US,GB,0
2016-10-03,GB,US,0
2016-10-03,NL,GB,-32
2016-10-03,GB,NL,32
2016-10-03,NL,US,0
2016-10-03,US,NL,0
2016-10-04,US,GB,-4000
2016-10-04,GB,US,4000
2016-10-04,NL,GB,0
2016-10-04,GB,NL,0
2016-10-04,NL,US,0
2016-10-04,US,NL,0
